0	8	9	13	
0.000656659	8	9	14	
0.00168161	8	9	12	
0.00275875	8	7	12	
0.00338624	8	8	12	
0.00368873	8	8	10	
0.00371071	8	8	8	
0.00384853	6	8	8	
0.00637559	6	8	6	
0.00903506	6	6	6	
0.0106562	6	7	6	
0.0107797	6	7	7	
0.0112667	6	7	8	
0.0188838	6	7	6	
0.0188945	6	7	7	
0.0200504	6	8	7	
0.0229164	6	8	5	
0.0239609	6	6	5	
0.0246239	6	7	5	
0.0252278	7	7	5	
0.0271909	8	7	5	
0.0279286	8	7	6	
0.0281213	8	7	7	
0.0311312	8	7	5	
0.0318932	8	8	5	
0.0322666	6	8	5	
0.0354498	6	8	6	
0.0356614	6	9	6	
0.0377494	6	7	6	
0.0385985	7	7	6	
0.0398671	7	8	6	
0.0403442	7	9	6	
0.0410017	7	9	7	
0.0438102	8	9	7	
0.0446514	8	10	7	
0.0467765	8	10	8	
0.0509768	9	10	8	
0.0511838	10	10	8	
0.0525247	11	10	8	
0.0543156	12	10	8	
0.0579404	10	10	8	
0.059472	10	10	9	
0.0617276	10	11	9	
0.0639954	10	11	10	
0.0645973	10	11	11	
0.06614	10	9	11	
0.0666496	11	9	11	
0.0695988	9	9	11	
0.0718704	9	9	9	
0.0838175	9	10	9	
0.0885183	9	10	7	
0.100813	10	10	7	
0.101018	11	10	7	
0.102598	11	10	8	
0.105788	11	11	8	
0.106558	11	9	8	
0.108719	11	9	6	
0.109167	9	9	6	
0.109978	9	9	7	
0.116897	9	7	7	
0.12136	9	7	8	
0.123284	9	5	8	
0.126833	10	5	8	
0.129171	10	5	9	
0.129284	11	5	9	
0.129751	11	5	7	
0.131885	9	5	7	
0.142995	9	5	8	
0.144717	7	5	8	
0.145009	8	5	8	
0.145114	8	6	8	
0.145172	9	6	8	
0.146315	9	6	6	
0.151093	9	6	7	
0.157184	10	6	7	
0.157879	8	6	7	
0.159004	9	6	7	
0.16021	10	6	7	
0.163737	11	6	7	
0.165421	11	4	7	
0.168057	9	4	7	
0.173635	9	5	7	
0.175842	9	5	8	
0.180256	9	5	9	
0.180305	10	5	9	
0.182369	10	5	7	
0.184767	10	5	5	
0.185384	11	5	5	
0.185986	12	5	5	
0.190179	10	5	5	
0.191533	8	5	5	
0.194112	9	5	5	
0.195411	7	5	5	
0.198899	7	6	5	
0.200878	7	6	6	
0.205772	7	7	6	
0.208195	8	7	6	
0.208536	9	7	6	
0.210102	9	8	6	
0.211019	9	6	6	
0.215776	9	6	4	
0.217699	9	7	4	
0.220557	7	7	4	
0.220811	7	8	4	
0.225911	7	6	4	
0.234783	7	6	5	
0.235472	7	7	5	
0.23742	7	8	5	
0.237527	7	8	6	
0.240593	7	8	7	
0.243899	7	6	7	
0.245264	8	6	7	
0.24605	8	7	7	
0.247356	8	5	7	
0.24869	9	5	7	
0.251218	10	5	7	
0.256794	8	5	7	
0.260505	8	5	8	
0.263155	8	5	9	
0.263699	8	5	10	
0.265303	9	5	10	
0.266653	9	5	11	
0.267109	7	5	11	
0.274752	8	5	11	
0.278526	8	5	12	
0.278671	8	6	12	
0.281336	8	6	13	
0.283166	8	7	13	
0.284867	9	7	13	
0.288322	9	8	13	
0.288386	7	8	13	
0.289887	7	8	11	
0.291202	7	8	9	
0.294302	5	8	9	
0.296398	5	9	9	
0.299018	5	10	9	
0.303618	6	10	9	
0.304067	6	11	9	
0.306646	6	12	9	
0.307604	6	10	9	
0.312029	6	10	10	
0.317006	7	10	10	
0.317558	7	8	10	
0.318323	7	9	10	
0.318455	7	7	10	
0.324748	7	7	11	
0.325993	8	7	11	
0.326617	8	7	12	
0.327595	8	7	13	
0.32854	6	7	13	
0.328544	6	5	13	
0.328909	6	5	11	
0.329313	6	5	9	
0.330585	6	5	7	
0.333779	4	5	7	
0.338305	5	5	7	
0.341995	5	5	8	
0.349855	5	6	8	
0.351728	5	6	9	
0.355977	6	6	9	
0.358047	6	6	7	
0.361448	6	6	5	
0.362555	7	6	5	
0.364407	7	6	3	
0.38171	7	6	4	
0.382071	8	6	4	
0.387142	6	6	4	
0.390496	7	6	4	
0.390666	7	7	4	
0.397364	7	7	5	
0.399256	5	7	5	
0.402398	5	7	6	
0.404297	5	7	7	
0.405329	5	8	7	
0.406405	6	8	7	
0.40654	7	8	7	
0.408913	7	9	7	
0.412414	8	9	7	
0.416091	8	7	7	
0.417822	9	7	7	
0.418028	7	7	7	
0.422455	7	8	7	
0.425376	5	8	7	
0.432507	6	8	7	
0.435939	4	8	7	
0.436022	4	6	7	
0.436253	5	6	7	
0.436346	3	6	7	
0.440243	4	6	7	
0.443852	2	6	7	
0.443861	2	7	7	
0.444901	2	7	5	
0.445469	2	8	5	
0.445902	3	8	5	
0.447917	3	8	6	
0.448069	3	9	6	
0.44809	4	9	6	
0.459525	5	9	6	
0.461608	5	10	6	
0.470702	5	8	6	
0.489037	5	8	7	
0.490781	6	8	7	
0.494002	6	8	8	
0.494813	6	8	9	
0.496644	7	8	9	
0.497567	7	8	7	
0.498114	7	8	5	
0.499865	5	8	5	
0.502529	5	9	5	
0.50356	6	9	5	
0.505883	7	9	5	
0.506753	7	9	6	
0.508686	7	10	6	
0.510058	7	10	7	
0.51719	7	11	7	
0.518277	7	9	7	
0.524569	8	9	7	
0.52702	8	10	7	
0.528132	8	11	7	
0.529432	8	12	7	
0.530716	6	12	7	
0.534079	6	12	5	
0.534712	7	12	5	
0.54276	5	12	5	
0.542767	5	13	5	
0.543905	5	13	6	
0.54646	5	14	6	
0.546545	5	14	7	
0.546797	3	14	7	
0.549134	4	14	7	
0.553019	4	14	8	
0.553841	4	15	8	
0.554477	5	15	8	
0.555151	6	15	8	
0.55626	6	13	8	
0.556388	6	13	6	
0.558283	6	11	6	
0.559085	6	11	7	
0.564158	7	11	7	
0.56585	8	11	7	
0.568104	8	9	7	
0.574596	8	9	5	
0.58326	9	9	5	
0.584632	10	9	5	
0.585994	10	9	6	
0.588018	10	7	6	
0.591858	11	7	6	
0.593026	11	7	4	
0.593776	11	7	5	
0.596593	12	7	5	
0.600206	10	7	5	
0.600269	11	7	5	
0.601892	12	7	5	
0.603347	12	8	5	
0.604443	12	6	5	
0.60656	13	6	5	
0.608623	11	6	5	
0.615226	9	6	5	
0.615277	9	4	5	
0.616288	9	5	5	
0.624764	9	5	6	
0.627262	9	5	7	
0.631555	7	5	7	
0.634742	7	6	7	
0.636961	8	6	7	
0.639852	9	6	7	
0.644149	7	6	7	
0.648734	7	6	8	
0.64958	7	6	9	
0.651557	8	6	9	
0.653394	8	6	10	
0.65352	8	6	8	
0.654493	8	7	8	
0.662706	8	7	6	
0.673622	9	7	6	
0.67814	10	7	6	
0.679286	8	7	6	
0.682037	8	7	4	
0.683414	8	7	5	
0.687988	9	7	5	
0.689295	9	7	6	
0.691061	9	8	6	
0.692292	9	8	7	
0.693847	9	9	7	
0.695289	9	7	7	
0.695778	10	7	7	
0.697728	8	7	7	
0.698161	8	8	7	
0.701097	8	8	5	
0.701262	8	8	6	
0.702944	9	8	6	
0.706393	9	8	7	
0.706714	9	8	8	
0.707108	9	9	8	
0.708958	7	9	8	
0.714383	8	9	8	
0.715768	8	9	9	
0.715838	8	9	10	
0.722102	6	9	10	
0.723575	6	7	10	
0.7241	6	7	11	
0.725643	7	7	11	
0.726347	7	7	9	
0.730452	7	7	10	
0.731094	7	8	10	
0.734132	7	8	11	
0.737	7	8	9	
0.737932	7	8	10	
0.745698	5	8	10	
0.74573	5	8	11	
0.750044	6	8	11	
0.751602	6	9	11	
0.75863	7	9	11	
0.759835	7	9	9	
0.760646	7	9	10	
0.764083	7	9	8	
0.764109	8	9	8	
0.76466	8	9	9	
0.769324	9	9	9	
0.770429	9	7	9	
0.774722	10	7	9	
0.775023	11	7	9	
0.775857	11	8	9	
0.776466	11	9	9	
0.776983	11	9	10	
0.778726	9	9	10	
0.779298	9	9	11	
0.782323	9	10	11	
0.783834	9	8	11	
0.785778	9	8	12	
0.790256	9	6	12	
0.795075	9	6	10	
0.802093	10	6	10	
0.803427	10	7	10	
0.803842	10	7	11	
0.806775	10	7	12	
0.806832	10	7	13	
0.808924	8	7	13	
0.809919	8	5	13	
0.812938	8	5	11	
0.816083	6	5	11	
0.822686	6	6	11	
0.823374	6	7	11	
0.824271	4	7	11	
0.825834	4	5	11	
0.830438	4	5	12	
0.832549	5	5	12	
0.835931	5	5	13	
0.838111	5	5	11	
0.846615	6	5	10	
0.850091	6	5	11	
0.850169	7	5	11	
0.851716	7	5	9	
0.854386	7	3	9	
0.855743	7	4	9	
0.858463	8	4	9	
0.859465	8	4	7	
0.863279	9	4	7	
0.864086	9	4	8	
0.867762	9	5	8	
0.868795	10	5	8	
0.870091	11	5	8	
0.872457	12	5	8	
0.872837	12	5	9	
0.879647	13	5	9	
0.881978	11	5	9	
0.882413	12	5	9	
0.88467	12	5	10	
0.884676	12	5	11	
0.889176	12	5	12	
0.889228	12	5	10	
0.891542	12	6	10	
0.891771	13	6	10	
0.891822	11	6	10	
0.892733	11	6	11	
0.893772	12	6	11	
0.894082	12	6	12	
0.894174	12	7	12	
0.897156	12	7	10	
0.897711	12	7	11	
0.89902	10	7	11	
0.899982	10	7	12	
0.902165	10	5	12	
0.902625	8	5	12	
0.904307	8	5	10	
0.905028	8	6	10	
0.906272	6	6	10	
0.906949	7	6	10	
0.912724	5	6	10	
0.912805	6	6	10	
0.926055	6	6	11	
0.928683	7	6	11	
0.934281	7	6	12	
0.935759	8	6	12	
0.936118	8	7	12	
0.937815	8	8	12	
0.944749	9	8	12	
0.94615	10	8	12	
0.946213	10	9	12	
0.94628	10	7	12	
0.950194	10	8	12	
0.950474	11	8	12	
0.951017	9	8	12	
0.952786	9	9	12	
0.953444	9	9	10	
0.953543	9	9	8	
0.955298	7	9	8	
0.958744	7	9	9	
0.958913	7	10	9	
0.969799	8	10	9	
0.969835	8	10	7	
0.970305	9	10	7	
0.971937	9	10	5	
0.97222	7	10	5	
0.973272	7	10	6	
0.973443	8	10	6	
0.973646	9	10	6	
0.974597	10	10	6	
0.976394	10	8	6	
0.978425	10	8	7	
0.979142	10	6	7	
0.982831	11	6	7	
0.983081	11	4	7	
0.98415	11	4	5	
0.98569	12	4	5	
0.985849	13	4	5	
0.986342	13	4	6	
0.988455	11	4	6	
0.98861	11	4	4	
0.99097	11	4	2	
0.99239	9	4	2	
0.996078	9	5	2	
1.00048	7	5	2	
1.00157	8	5	2	
1.00159	8	6	2	
1.00358	9	6	2	
1.0048	9	4	2	
1.00704	9	4	3	
1.00714	9	4	4	
1.00981	10	3	4	
1.0122	11	3	4	
1.01232	11	1	4	
1.01298	12	1	4	
1.01338	13	1	4	
1.014	11	1	4	
1.01729	11	2	4	
1.01738	11	2	5	
1.01993	9	2	5	
1.02137	7	2	5	
1.02152	5	2	5	
1.02564	5	2	6	
1.02782	5	3	6	
1.02836	5	3	4	
1.03392	5	3	2	
1.03611	5	3	3	
1.04042	5	3	4	
1.04193	5	3	5	
1.04366	5	4	5	
1.04811	3	4	5	
1.04873	3	5	5	
1.0547	4	5	5	
1.05642	4	5	6	
1.05756	4	5	7	
1.05886	5	5	7	
1.05898	5	6	7	
1.06145	3	6	7	
1.06152	4	6	7	
1.06344	4	7	7	
1.06984	4	5	7	
1.07353	4	6	7	
1.07694	4	6	5	
1.0777	5	6	5	
1.08764	5	7	5	
1.08969	5	5	5	
1.09037	5	5	6	
1.09242	5	5	7	
1.10271	5	5	8	
1.10446	5	3	8	
1.10447	5	4	8	
1.10693	5	4	9	
1.11289	6	4	9	
1.1165	6	4	7	
1.11719	6	4	5	
1.12176	6	4	6	
1.12617	7	4	6	
1.12636	7	4	7	
1.12842	8	4	7	
1.12967	8	4	8	
1.13216	8	4	9	
1.13366	6	4	9	
1.13371	6	4	7	
1.13571	6	4	8	
1.13644	6	5	8	
1.13776	4	5	8	
1.14373	4	5	6	
1.14395	4	3	6	
1.14427	4	3	4	
1.14591	4	4	4	
1.14884	4	4	5	
1.15079	5	4	5	
1.15167	6	4	5	
1.15193	6	5	5	
1.15455	6	6	5	
1.15784	6	6	6	
1.15858	6	6	7	
1.16511	6	4	7	
1.16568	7	4	7	
1.16579	7	5	7	
1.17108	7	6	7	
1.17171	7	7	7	
1.17294	8	7	7	
1.18254	8	7	8	
1.18299	9	7	8	
1.18946	7	7	8	
1.19662	7	8	8	
1.197	8	8	8	
1.19757	8	6	8	
1.19954	6	6	8	
1.19964	6	6	9	
1.20001	7	6	9	
1.20018	8	6	9	
1.20025	8	7	9	
1.20083	6	7	9	
1.20195	6	5	9	
1.20383	4	5	9	
1.20543	5	5	9	
1.20664	5	6	9	
1.20678	5	7	9	
1.20731	5	5	9	
1.20811	6	5	9	
1.20961	6	6	9	
1.2149	6	7	9	
1.21526	6	8	9	
1.21917	6	9	9	
1.22039	6	9	10	
1.22075	6	9	8	
1.22681	6	9	9	
1.22802	6	9	7	
1.22841	6	10	7	
1.2296	6	10	8	
1.23083	6	11	8	
1.23123	7	11	8	
1.23176	7	12	8	
1.23308	7	12	9	
1.23549	7	12	10	
1.23843	7	12	8	
1.24308	7	12	9	
1.24376	7	12	10	
1.24886	7	10	10	
1.25071	7	10	8	
1.25654	7	10	9	
1.25909	7	10	7	
1.25944	7	11	7	
1.26019	7	12	7	
1.26132	8	12	7	
1.26257	9	12	7	
1.26309	9	10	7	
1.26712	9	11	7	
1.27022	7	11	7	
1.27033	7	12	7	
1.27376	7	12	5	
1.27494	7	12	6	
1.27648	7	13	6	
1.27772	8	13	6	
1.27782	8	11	6	
1.27833	9	11	6	
1.27869	9	12	6	
1.27938	10	12	6	
1.2807	10	10	6	
1.28142	8	10	6	
1.28163	8	10	7	
1.28273	9	10	7	
1.28305	7	10	7	
1.28485	7	11	7	
1.28614	7	11	8	
1.29095	7	12	8	
1.29105	7	10	8	
1.29285	8	10	8	
1.29305	6	10	8	
1.29306	6	10	6	
1.29425	6	10	4	
1.2955	6	8	4	
1.29621	6	6	4	
1.30183	6	7	4	
1.30299	6	7	5	
1.30515	6	7	6	
1.30748	6	7	7	
1.30945	7	7	7	
1.3136	7	8	7	
1.31763	8	8	7	
1.3179	6	8	7	
1.3217	6	8	5	
1.32323	4	8	5	
1.32362	4	8	6	
1.32792	5	8	6	
1.33697	3	8	6	
1.33856	3	8	7	
1.34021	3	9	7	
1.34398	4	9	7	
1.34928	2	9	7	
1.35085	2	10	7	
1.3542	2	11	7	
1.3641	2	12	7	
1.36701	2	10	7	
1.36852	2	11	7	
1.37089	2	9	7	
1.37115	3	9	7	
1.37799	3	10	7	
1.38021	3	8	7	
1.38199	3	8	8	
1.38351	4	8	8	
1.39258	4	6	8	
1.39295	4	7	8	
1.39353	4	7	9	
1.4001	4	8	9	
1.40102	4	6	9	
1.40154	5	6	9	
1.40165	6	6	9	
1.40463	6	6	10	
1.40554	6	6	8	
1.4092	6	7	8	
1.4113	4	7	8	
1.4122	5	7	8	
1.41231	6	7	8	
1.41439	6	7	9	
1.41649	7	7	9	
1.41726	7	8	9	
1.41751	8	8	9	
1.42164	9	8	9	
1.42564	9	9	9	
1.42633	9	7	9	
1.42851	9	5	9	
1.4293	9	5	7	
1.42944	10	5	7	
1.43323	11	5	6	
1.43461	9	5	6	
1.44128	9	6	6	
1.44638	9	6	7	
1.44774	9	4	7	
1.45069	10	4	7	
1.45098	8	4	7	
1.45592	8	4	5	
1.45828	9	4	5	
1.45905	9	5	5	
1.46047	9	5	6	
1.46063	9	5	7	
1.46385	7	5	7	
1.46737	7	5	8	
1.47043	8	5	8	
1.47087	9	5	8	
1.47104	9	6	8	
1.47179	9	7	8	
1.47259	9	8	8	
1.47265	9	6	8	
1.47926	9	7	8	
1.48248	7	7	8	
1.48403	7	7	9	
1.49179	8	7	9	
1.49286	8	5	9	
1.4938	9	5	9	
1.49771	9	6	9	
1.4983	10	6	9	
1.49931	10	6	10	
1.50156	10	7	10	
1.50323	10	8	10	
1.50402	10	6	10	
1.50467	10	7	10	
1.50578	8	7	10	
1.50583	9	7	10	
1.50689	9	5	10	
1.50722	10	5	10	
1.50899	10	3	10	
1.513	11	3	10	
1.51482	12	3	10	
1.51514	10	3	10	
1.51849	10	3	8	
1.52048	8	3	8	
1.52192	8	4	8	
1.53174	8	4	9	
1.53586	8	5	9	
1.54111	8	3	9	
1.54181	6	3	9	
1.54221	7	3	9	
1.54744	8	3	9	
1.54746	8	4	9	
1.54893	8	4	10	
1.55009	9	4	10	
1.55968	9	4	11	
1.55975	10	4	11	
1.55987	11	4	11	
1.56014	11	4	9	
1.56105	9	4	9	
1.56221	10	4	9	
1.56615	8	4	9	
1.56855	8	5	9	
1.57236	8	6	9	
1.57301	8	6	7	
1.58009	8	6	8	
1.58264	8	6	9	
1.58291	8	6	7	
1.58576	8	7	7	
1.58606	8	7	8	
1.5883	8	7	9	
1.58915	9	7	9	
1.58997	9	5	9	
1.59024	7	5	9	
1.59045	8	5	9	
1.59109	8	6	9	
1.59253	9	6	9	
1.59273	9	6	10	
1.5928	10	6	10	
1.59537	10	6	11	
1.59768	10	6	9	
1.60394	10	7	9	
1.60486	10	7	10	
1.60504	8	7	10	
1.60519	8	7	11	
1.60798	8	7	9	
1.60848	8	7	10	
1.60974	9	7	10	
1.61142	10	7	10	
1.61156	11	7	10	
1.61214	9	7	10	
1.61254	10	7	10	
1.61388	10	7	8	
1.61475	8	7	8	
1.6154	8	7	9	
1.6158	9	7	9	
1.61936	9	7	10	
1.62008	10	7	10	
1.62059	10	7	11	
1.62123	11	7	11	
1.62261	11	5	11	
1.62327	11	5	12	
1.63273	9	5	12	
1.63526	9	5	10	
1.63544	9	5	8	
1.63816	10	5	8	
1.6394	10	5	6	
1.64054	10	5	7	
1.64292	10	5	8	
1.64362	10	5	9	
1.64991	11	5	9	
1.65046	11	6	9	
1.65265	9	6	9	
1.65431	9	6	7	
1.65764	9	6	5	
1.66044	10	6	5	
1.66058	10	7	5	
1.66098	10	8	5	
1.662	10	9	5	
1.662	11	9	5	
1.66419	9	9	5	
1.66498	7	9	5	
1.66936	5	9	5	
1.67162	5	9	3	
1.67426	5	9	4	
1.67438	3	9	4	
1.67512	3	9	5	
1.67706	4	9	5	
1.68144	4	9	6	
1.6844	4	9	7	
1.70444	4	9	8	
1.70777	4	10	8	
1.70793	4	11	8	
1.70854	4	9	8	
1.70919	4	9	6	
1.71142	4	9	4	
1.71411	4	10	4	
1.71676	5	10	4	
1.71748	6	10	4	
1.71758	6	11	4	
1.72002	6	9	4	
1.72093	7	9	4	
1.72451	8	9	4	
1.72491	8	10	4	
1.72588	9	10	4	
1.72673	10	10	4	
1.7278	8	10	4	
1.72929	8	10	5	
1.73085	8	11	5	
1.74	9	11	5	
1.74781	9	9	5	
1.7489	7	9	5	
1.75349	8	9	5	
1.75365	8	9	6	
1.7594	8	9	7	
1.76058	6	9	7	
1.76175	6	10	7	
1.76236	6	11	7	
1.76472	7	11	7	
1.76724	7	9	7	
1.77105	7	9	8	
1.77233	7	7	8	
1.77238	7	7	9	
1.77331	8	7	9	
1.77725	9	7	9	
1.77791	9	7	7	
1.77922	9	7	8	
1.78201	9	8	8	
1.78394	9	6	8	
1.7847	9	6	9	
1.78665	10	6	9	
1.79531	8	6	9	
1.79544	6	6	9	
1.79701	6	6	7	
1.79913	6	7	7	
1.79997	6	8	7	
1.8008	6	9	7	
1.80292	6	10	7	
1.80377	6	10	8	
1.8045	6	8	8	
1.8162	6	8	9	
1.81783	6	8	7	
1.81796	7	8	7	
1.81933	5	8	7	
1.82226	6	8	7	
1.82464	6	9	7	
1.82641	6	10	7	
1.82767	6	10	8	
1.82846	6	11	8	
1.82898	4	11	8	
1.83088	2	11	8	
1.83234	2	12	8	
1.83323	2	12	9	
1.83685	2	10	9	
1.83775	2	10	7	
1.84163	2	10	5	
1.8429	2	10	6	
1.84545	2	10	7	
1.84789	2	10	8	
1.85341	2	10	9	
1.85482	3	10	9	
1.85951	3	8	9	
1.86115	3	8	10	
1.8612	4	8	10	
1.86221	4	8	11	
1.86246	4	9	11	
1.86341	5	9	11	
1.86452	5	9	9	
1.86464	6	9	9	
1.86703	6	7	9	
1.86892	6	8	9	
1.87361	6	6	9	
1.87369	6	6	7	
1.87391	6	6	8	
1.87636	6	6	9	
1.88419	4	6	9	
1.88749	4	6	10	
1.88841	5	6	10	
1.89157	6	6	10	
1.89289	6	6	11	
1.89836	6	6	12	
1.89909	6	6	10	
1.89919	6	7	10	
1.90167	7	7	10	
1.90866	8	7	10	
1.90903	8	5	10	
1.90907	9	5	10	
1.9168	7	5	10	
1.91762	7	5	11	
1.92023	7	5	9	
1.92545	8	5	9	
1.93228	8	5	10	
1.93596	8	6	10	
1.93882	9	6	10	
1.93888	7	6	10	
1.94525	8	6	10	
1.94562	8	6	8	
1.94703	8	4	8	
1.94765	8	4	9	
1.94868	8	5	9	
1.94906	8	6	9	
1.95299	9	6	9	
1.95342	9	6	10	
1.95355	10	6	10	
1.95394	8	6	10	
1.9603	9	6	10	
1.96355	10	6	10	
1.96608	10	7	10	
1.9675	10	7	8	
1.96864	10	7	9	
1.97042	10	8	9	
1.97095	11	8	9	
1.97375	11	8	7	
1.97657	11	8	8	
1.97671	11	8	9	
1.97684	11	8	10	
1.97725	11	8	8	
1.97971	11	6	8	
1.97989	11	7	8	
1.9818	11	8	8	
1.98199	9	8	8	
1.9846	10	8	8	
1.98512	10	9	8	
1.98708	11	9	8	
1.98744	11	10	8	
1.98775	11	11	8	
1.98815	11	11	9	
1.98953	12	11	9	
1.99531	13	11	9	
1.99832	13	11	7	
1.99867	13	9	7	
2.00271	13	10	7	
2.00301	13	11	7	
2.00378	14	11	7	
2.00417	14	12	7	
2.00568	12	12	7	
2.01288	12	12	8	
2.01377	12	10	8	
2.01522	12	11	8	
2.01651	13	11	8	
2.01795	13	11	6	
2.01839	14	11	6	
2.01859	12	11	6	
2.02029	13	11	6	
2.02122	14	11	6	
2.025	12	11	6	
2.0272	12	9	6	
2.02834	12	10	6	
2.03005	12	11	6	
2.03301	12	11	4	
2.03464	12	12	4	
2.03604	10	12	4	
2.03672	11	12	4	
2.0443	11	13	4	
2.04637	11	13	5	
2.04889	11	14	5	
2.04905	12	14	5	
2.04994	10	14	5	
2.05009	10	12	5	
2.05206	10	10	5	
2.05291	10	11	5	
2.05454	8	11	5	
2.05525	8	11	6	
2.05885	8	11	7	
2.06073	6	11	7	
2.06259	6	9	7	
2.06545	7	9	7	
2.06649	7	9	8	
2.07948	8	9	8	
2.08285	8	7	8	
2.08285	6	7	8	
2.08335	6	5	8	
2.08503	6	5	9	
2.08513	6	5	10	
2.08617	6	6	10	
2.08725	4	6	10	
2.0885	4	6	11	
2.08856	4	6	9	
2.08866	4	6	10	
2.09098	4	7	10	
2.09406	4	7	11	
2.09693	4	7	9	
2.09907	4	7	10	
2.10096	4	7	11	
2.10245	5	7	11	
2.10586	5	8	11	
2.10676	5	9	11	
2.10708	6	9	11	
2.10733	6	7	11	
2.11131	6	8	11	
2.11385	4	8	11	
2.11392	2	8	11	
2.1178	2	9	11	
2.12304	2	7	11	
2.12501	2	7	9	
2.13267	3	7	9	
2.13284	3	7	10	
2.13638	3	7	11	
2.13928	3	5	11	
2.13954	3	5	9	
2.14309	3	5	10	
2.14426	3	5	11	
2.1446	3	5	12	
2.14607	3	5	13	
2.14919	3	5	11	
2.14957	4	5	11	
2.1507	4	5	12	
2.15155	4	5	13	
2.15227	4	5	11	
2.15351	4	6	11	
2.1537	4	7	11	
2.15481	5	7	11	
2.15515	6	7	11	
2.15831	6	5	11	
2.15864	6	3	11	
2.16003	7	3	11	
2.16056	7	4	11	
2.16192	7	5	11	
2.16249	7	5	12	
2.16418	7	5	13	
2.16725	8	5	13	
2.16969	8	5	11	
2.17002	8	6	11	
2.17137	8	6	9	
2.18163	8	7	9	
2.18208	9	7	9	
2.18238	10	7	9	
2.18253	11	7	9	
2.18265	11	5	9	
2.18325	11	6	9	
2.18398	11	7	9	
2.18577	11	5	9	
2.18913	9	5	9	
2.19048	7	5	9	
2.19055	7	6	9	
2.19113	5	6	9	
2.20268	5	6	7	
2.20775	5	7	7	
2.20843	5	7	8	
2.2091	5	7	9	
2.21126	5	8	9	
2.21237	5	9	9	
2.21705	5	10	9	
2.21876	6	10	9	
2.21969	6	11	9	
2.22025	6	9	9	
2.22089	6	7	9	
2.22096	6	7	10	
2.22097	7	7	10	
2.22168	5	7	10	
2.2228	5	7	8	
2.22693	5	7	9	
2.22953	5	7	10	
2.23048	6	7	10	
2.23167	4	7	10	
2.23552	4	8	10	
2.23646	4	6	10	
2.23911	4	6	8	
2.24771	4	6	9	
2.25663	2	6	9	
2.25701	0	6	9	
2.25789	0	7	9	
2.25954	0	7	7	
2.26259	0	7	8	
2.26578	0	7	9	
2.26678	0	7	7	
2.2701	1	7	7	
2.27069	1	8	7	
2.27354	1	9	7	
2.27506	1	9	8	
2.28253	1	10	8	
2.28873	1	8	8	
2.2944	1	9	8	
2.29501	2	9	8	
2.29664	2	10	8	
2.30193	2	10	6	
2.30889	3	10	6	
2.31024	3	10	4	
2.31029	3	11	4	
2.31046	3	11	5	
2.31167	3	11	6	
2.31342	3	11	7	
2.31809	3	9	7	
2.32104	3	9	8	
2.32189	4	9	8	
2.32192	4	9	9	
2.3239	5	9	9	
2.32759	5	10	9	
2.32888	6	10	9	
2.33128	6	11	9	
2.33156	6	11	7	
2.33283	6	12	7	
2.33666	6	12	8	
2.33711	6	12	6	
2.33793	6	12	7	
2.33823	6	12	8	
2.33826	7	12	8	
2.33896	7	12	6	
2.33955	7	12	4	
2.34003	7	12	5	
2.34103	7	12	6	
2.34164	7	10	6	
2.34357	5	10	6	
2.34407	5	8	6	
2.34724	5	8	7	
2.34788	5	8	8	
2.3575	5	6	8	
2.35815	6	6	8	
2.35952	6	6	9	
2.36188	6	6	7	
2.36337	6	6	8	
2.36451	6	6	9	
2.37368	6	6	7	
2.37562	7	6	7	
2.37885	7	7	7	
2.37893	7	5	7	
2.3796	7	5	8	
2.37964	5	5	8	
2.3827	5	5	6	
2.38363	5	5	7	
2.38919	6	5	7	
2.39104	6	5	8	
2.39387	6	5	9	
2.3948	6	6	9	
2.39804	4	6	9	
2.39883	4	4	9	
2.40402	4	5	9	
2.40751	4	3	9	
2.40825	5	3	9	
2.41098	5	3	7	
2.4142	6	3	7	
2.41432	4	3	7	
2.41738	4	3	8	
2.41951	4	3	9	
2.42005	5	3	9	
2.42441	5	3	7	
2.42706	5	3	8	
2.43024	6	3	8	
2.4314	6	3	9	
2.4324	6	1	9	
2.43359	6	1	7	
2.43406	6	2	7	
2.43655	7	2	7	
2.44016	7	3	7	
2.44094	7	1	7	
2.4432	8	1	7	
2.44324	8	1	8	
2.44534	8	1	6	
2.44537	8	1	7	
2.44804	8	1	8	
2.45193	8	2	8	
2.452	9	2	8	
2.45237	9	2	9	
2.45372	9	2	10	
2.45606	9	3	10	
2.45704	9	3	8	
2.45815	7	3	8	
2.4623	8	3	8	
2.46271	8	4	8	
2.46369	8	5	8	
2.47164	8	5	6	
2.47465	9	5	6	
2.47482	10	5	6	
2.4764	11	5	6	
2.47655	12	5	6	
2.47856	12	6	6	
2.48176	12	6	7	
2.48365	12	4	7	
2.48396	12	4	8	
2.48938	12	5	8	
2.49177	12	6	8	
2.4918	12	6	6	
2.49261	12	7	6	
2.49327	12	8	6	
2.49474	10	8	6	
2.50493	10	6	6	
2.50854	10	6	7	
2.51515	10	7	7	
2.51808	11	7	6	
2.51945	11	7	7	
2.52506	11	7	8	
2.52661	12	7	8	
2.52689	10	7	8	
2.52695	11	7	8	
2.52772	12	7	8	
2.52826	12	7	9	
2.52922	12	5	9	
2.53019	12	5	10	
2.53459	12	5	8	
2.53621	12	5	9	
2.53828	13	5	9	
2.53862	14	5	9	
2.54461	15	5	9	
2.54745	15	6	9	
2.54755	15	7	9	
2.54845	15	7	7	
2.54847	13	7	7	
2.55168	11	7	7	
2.55741	11	8	7	
2.5595	12	8	7	
2.56156	12	6	7	
2.56404	12	6	8	
2.56626	12	6	9	
2.56801	13	6	9	
2.56943	13	6	10	
2.57254	13	6	11	
2.57411	14	6	11	
2.57446	14	6	12	
2.5747	15	6	12	
2.5761	15	6	13	
2.57869	13	6	13	
2.5793	13	6	14	
2.58095	13	6	12	
2.58188	13	6	10	
2.58217	13	7	10	
2.58523	13	8	10	
2.59088	14	8	10	
2.59207	14	8	11	
2.59595	14	8	12	
2.5965	14	8	13	
2.59715	14	9	13	
2.59955	14	9	11	
2.60304	14	10	11	
2.60944	14	10	9	
2.61067	14	10	10	
2.61329	12	10	10	
2.61362	12	8	10	
2.61532	12	6	10	
2.61642	12	6	11	
2.61769	12	6	9	
2.61773	13	6	9	
2.61861	13	6	10	
2.61888	14	6	10	
2.61926	12	6	10	
2.62155	12	6	8	
2.62385	10	6	8	
2.62597	8	6	8	
2.62716	9	6	8	
2.62875	9	6	9	
2.62905	7	6	9	
2.63328	5	6	9	
2.63631	6	6	9	
2.63774	6	7	9	
2.63848	4	7	9	
2.63976	4	8	9	
2.64257	4	9	9	
2.64323	5	9	9	
2.64545	5	7	9	
2.64762	6	7	9	
2.65087	6	5	9	
2.65137	6	6	9	
2.65288	6	6	7	
2.65335	6	6	8	
2.66457	7	6	8	
2.67133	8	6	8	
2.67407	8	4	8	
2.67465	9	4	8	
2.67481	9	4	6	
2.67661	9	5	6	
2.67982	9	6	6	
2.68007	9	7	6	
2.68045	9	7	7	
2.68072	10	7	7	
2.68189	11	7	7	
2.6826	11	7	8	
2.68507	9	7	8	
2.69104	9	8	8	
2.69506	7	8	8	
2.69573	7	8	9	
2.69699	7	9	9	
2.69735	5	9	9	
2.69806	5	10	9	
2.69887	5	10	7	
2.69917	5	10	8	
2.70204	3	10	8	
2.70923	3	11	8	
2.71091	3	12	8	
2.71223	4	12	8	
2.71298	4	10	8	
2.71313	4	11	8	
2.71513	4	11	9	
2.71528	4	9	9	
2.71546	4	9	10	
2.71704	4	9	8	
2.71978	4	10	8	
2.72022	4	8	8	
2.72267	4	8	9	
2.72889	4	9	9	
2.72979	5	9	9	
2.73212	6	9	9	
2.73855	6	10	9	
2.73954	7	10	9	
2.74026	8	10	9	
2.74372	8	10	10	
2.7439	8	11	10	
2.74476	8	12	10	
2.74593	8	13	10	
2.74664	8	11	10	
2.74706	8	9	10	
2.74935	8	9	8	
2.75252	9	9	8	
2.75266	10	9	8	
2.75362	10	10	8	
2.75415	10	8	8	
2.75943	11	8	8	
2.76471	11	6	8	
2.76621	11	7	8	
2.77319	9	7	8	
2.77433	7	7	8	
2.77869	8	7	8	
2.77911	8	8	8	
2.78171	8	9	8	
2.78258	8	9	9	
2.78422	8	10	9	
2.78533	8	10	7	
2.78547	8	8	7	
2.78627	9	8	7	
2.78776	9	9	7	
2.79202	9	7	7	
2.79276	10	7	7	
2.79342	8	7	7	
2.79625	9	7	7	
2.79709	9	7	8	
2.79747	10	7	8	
2.7986	10	7	6	
2.80103	10	8	6	
2.80437	8	8	6	
2.80884	8	8	7	
2.80904	9	8	7	
2.80957	9	8	8	
2.81056	7	8	8	
2.81437	7	8	9	
2.81613	7	9	9	
2.81709	7	10	9	
2.81725	7	10	7	
2.81939	7	11	7	
2.81945	7	9	7	
2.8201	7	9	8	
2.82256	7	9	6	
2.82827	8	9	6	
2.82931	9	8	6	
2.83422	10	8	6	
2.83508	10	8	7	
2.84265	10	8	5	
2.84359	10	6	5	
2.84567	10	6	3	
2.84615	11	6	3	
2.84788	9	6	3	
2.84951	9	6	4	
2.84984	7	6	4	
2.85064	7	7	4	
2.86193	7	5	4	
2.86361	7	5	5	
2.86591	7	6	5	
2.8677	5	6	5	
2.87092	6	6	5	
2.87367	4	6	5	
2.87712	4	6	6	
2.87803	4	7	6	
2.88307	4	8	6	
2.8832	4	9	6	
2.88387	4	9	7	
2.88816	5	9	7	
2.89231	6	9	7	
2.89506	6	10	7	
2.89575	6	10	8	
2.89772	6	10	6	
2.89958	4	10	6	
2.89974	4	10	7	
2.90221	4	10	8	
2.90441	4	11	8	
2.90977	5	11	8	
2.91064	6	11	8	
2.91166	6	9	8	
2.91708	6	9	9	
2.91726	6	10	9	
2.92255	6	8	9	
2.92873	6	8	10	
2.93211	6	8	11	
2.93676	6	8	9	
2.93951	7	8	9	
2.94169	7	8	7	
2.94267	8	8	7	
2.94349	9	8	7	
2.94508	7	8	7	
2.94533	7	8	8	
2.94813	7	6	8	
2.95076	5	6	8	
2.95223	5	6	6	
2.95422	4	6	7	
2.95945	4	6	8	
2.96149	4	6	9	
2.96228	4	6	7	
2.96945	4	6	8	
2.9743	4	6	9	
2.9772	4	7	9	
2.97806	4	8	9	
2.98082	4	6	9	
2.98721	4	6	7	
2.98723	4	4	7	
2.99024	4	4	8	
2.99063	5	4	8	
2.99308	5	4	6	
2.99702	3	4	6	
3.00204	3	4	7	
3.00533	4	4	7	
3.00747	4	4	5	
3.00859	5	4	5	
3.01299	6	4	5	
3.01416	7	4	5	
3.01518	7	5	5	
3.02524	7	5	3	
3.03542	8	5	3	
3.0369	9	5	3	
3.03816	7	5	3	
3.04332	7	6	3	
3.04358	7	7	3	
3.04569	8	7	3	
3.05296	9	7	3	
3.05623	10	7	3	
3.05626	8	7	3	
3.0578	8	8	3	
3.06116	8	9	3	
3.06127	8	10	3	
3.0635	8	8	3	
3.06855	9	8	3	
3.06873	9	6	3	
3.07076	9	4	3	
3.07467	10	4	3	
3.07604	11	4	3	
3.07765	12	4	3	
3.07894	12	5	3	
3.07908	12	5	4	
3.08051	12	6	4	
3.08472	12	6	5	
3.08475	12	7	5	
3.08739	13	7	5	
3.08751	14	7	5	
3.08769	14	7	6	
3.08969	14	8	6	
3.09131	15	8	6	
3.09311	16	8	6	
3.09326	14	8	6	
3.09582	14	9	6	
3.09957	12	9	6	
3.09995	10	9	6	
3.10176	8	9	6	
3.10311	8	7	6	
3.10334	8	7	7	
3.10677	9	7	7	
3.10698	9	8	7	
3.10896	7	8	7	
3.11388	8	8	7	
3.11674	8	6	7	
3.11916	8	6	5	
3.12162	9	6	5	
3.12955	7	6	5	
3.13051	8	6	5	
3.13474	8	6	6	
3.13597	8	6	7	
3.14275	9	6	7	
3.14546	9	7	7	
3.14701	9	8	7	
3.14724	9	8	8	
3.14777	9	8	9	
3.15119	9	6	9	
3.15492	9	6	7	
3.15517	10	6	7	
3.15978	10	7	7	
3.1603	11	7	7	
3.16032	12	7	7	
3.1642	10	7	7	
3.16567	10	7	8	
3.17218	11	7	8	
3.17275	9	7	8	
3.17589	7	7	8	
3.17615	7	7	9	
3.17757	7	7	10	
3.17946	7	7	8	
3.17954	8	7	8	
3.1906	9	7	8	
3.19197	9	7	6	
3.19571	9	8	6	
3.19748	9	8	7	
3.19954	9	6	7	
3.20293	10	6	7	
3.20363	11	6	7	
3.20701	11	7	7	
3.20839	11	7	8	
3.20888	12	7	8	
3.21229	12	7	6	
3.21464	12	8	6	
3.2147	10	8	6	
3.2162	10	8	4	
3.21872	11	8	4	
3.22001	11	8	5	
3.2211	9	8	5	
3.2214	9	8	3	
3.22205	9	6	3	
3.22387	7	6	3	
3.22577	7	6	4	
3.22622	8	6	4	
3.22631	9	6	4	
3.22749	9	7	4	
3.23052	10	7	4	
3.23108	11	7	4	
3.23279	11	8	4	
3.23415	11	8	5	
3.23822	9	8	5	
3.23902	7	8	5	
3.23936	5	8	5	
3.23951	5	8	6	
3.23956	5	8	7	
3.24196	5	8	8	
3.24638	5	8	9	
3.24655	6	8	9	
3.24788	4	8	9	
3.24998	4	8	10	
3.25101	4	9	10	
3.25111	4	7	10	
3.25253	4	8	10	
3.25445	4	9	10	
3.25849	4	10	10	
3.26394	4	11	10	
3.26455	5	11	10	
3.26805	5	12	10	
3.27076	5	12	8	
3.27078	5	12	9	
3.27432	5	12	7	
3.27529	5	13	7	
3.27889	5	14	7	
3.28151	5	12	7	
3.28546	6	12	7	
3.28941	7	12	7	
3.29382	7	12	8	
3.29619	7	12	9	
3.29748	7	10	9	
3.29861	8	10	9	
3.30103	8	11	9	
3.30188	8	11	10	
3.30277	8	12	10	
3.30448	8	10	10	
3.30986	8	10	8	
3.30988	8	10	9	
3.31091	8	10	7	
3.31147	9	10	7	
3.31723	9	10	8	
3.31923	9	10	6	
3.3212	9	8	6	
3.32165	10	8	6	
3.32407	8	8	6	
3.32818	9	8	6	
3.32845	9	6	6	
3.32961	7	6	6	
3.33191	7	6	7	
3.33408	7	7	7	
3.33938	7	7	8	
3.34189	7	7	9	
3.34338	7	8	9	
3.34396	7	9	9	
3.34686	7	9	7	
3.34876	7	10	7	
3.34971	7	8	7	
3.3505	5	8	7	
3.3509	5	8	8	
3.35178	5	8	6	
3.35278	5	9	6	
3.35378	5	7	6	
3.35398	5	5	6	
3.35634	5	5	7	
3.35808	5	6	7	
3.36465	5	6	5	
3.37186	5	6	6	
3.37347	6	6	6	
3.37713	6	7	6	
3.37832	7	7	6	
3.37958	7	7	7	
3.38033	7	5	7	
3.38461	8	5	7	
3.38801	8	5	8	
3.38902	8	5	6	
3.39077	8	3	6	
3.39766	9	3	6	
3.40037	10	3	6	
3.40296	10	4	6	
3.40524	10	5	6	
3.4092	10	6	6	
3.40961	8	6	6	
3.41	9	6	6	
3.42076	9	7	6	
3.42276	7	7	6	
3.42511	7	8	6	
3.42625	7	8	7	
3.42899	7	9	7	
3.43067	8	9	7	
3.43265	8	10	7	
3.43469	9	10	7	
3.43608	10	10	7	
3.43623	11	10	7	
3.43879	11	10	8	
3.44078	9	10	8	
3.44281	10	10	8	
3.44447	10	8	8	
3.44647	10	9	8	
3.44884	8	9	8	
3.45181	6	9	8	
3.45266	7	9	8	
3.45489	7	10	8	
3.45543	8	10	8	
3.45802	9	10	8	
3.4585	10	10	8	
3.46271	8	10	8	
3.46706	8	11	8	
3.46862	8	11	6	
3.47249	6	11	6	
3.47255	6	12	6	
3.47347	6	13	6	
3.47409	6	14	6	
3.47463	6	15	6	
3.47488	6	13	6	
3.47547	6	11	6	
3.47868	4	11	6	
3.48219	5	11	6	
3.48447	3	11	6	
3.49229	3	9	6	
3.49548	3	10	6	
3.49572	3	10	7	
3.4962	4	10	7	
3.49788	4	11	7	
3.49903	4	9	7	
3.50364	4	10	7	
3.50486	4	10	5	
3.50664	4	11	5	
3.50884	4	12	5	
3.51199	4	10	5	
3.52146	4	11	5	
3.52917	2	11	5	
3.53093	2	11	6	
3.53193	2	11	7	
3.53274	2	9	7	
3.53306	2	9	8	
3.53507	2	9	9	
3.53975	2	9	10	
3.54141	2	9	8	
3.54283	2	9	9	
3.54368	2	10	9	
3.54413	2	10	10	
3.54512	2	8	10	
3.54641	2	9	10	
3.54723	2	7	10	
3.54942	2	5	10	
3.55929	3	5	10	
3.56082	3	5	8	
3.56089	3	6	8	
3.56562	3	6	6	
3.5701	4	6	6	
3.57366	4	7	6	
3.57638	4	8	6	
3.58015	4	8	7	
3.58192	5	8	7	
3.58211	3	8	7	
3.58217	3	9	7	
3.58347	3	9	8	
3.58768	3	10	8	
3.59232	3	10	6	
3.59386	3	10	7	
3.59704	3	8	7	
3.59851	3	8	8	
3.60498	3	8	6	
3.60855	3	8	7	
3.61082	4	8	7	
3.61517	4	9	7	
3.61609	4	10	7	
3.61987	4	8	7	
3.62165	4	8	5	
3.62216	4	6	5	
3.62311	4	6	6	
3.62708	4	7	6	
3.62988	4	7	4	
3.6306	5	7	4	
3.63095	5	7	5	
3.63447	6	7	5	
3.63714	7	7	5	
3.63767	7	7	6	
3.63769	7	7	7	
3.64062	7	7	5	
3.64219	7	7	6	
3.64423	5	7	6	
3.65073	5	7	7	
3.65218	5	8	7	
3.65309	6	8	7	
3.65329	4	8	7	
3.65503	4	9	7	
3.65593	4	7	7	
3.65763	4	8	7	
3.65928	4	6	7	
3.66743	4	7	7	
3.66804	4	7	8	
3.66882	4	5	8	
3.67072	4	5	9	
3.67532	5	5	9	
3.67659	5	5	7	
3.68066	5	5	8	
3.68379	5	6	8	
3.68394	5	7	8	
3.68524	5	8	8	
3.69024	6	8	8	
3.69101	6	8	6	
3.69342	6	9	6	
3.69887	6	10	6	
3.6989	6	11	6	
3.69903	4	11	6	
3.70136	4	12	6	
3.70294	4	13	6	
3.70314	4	13	7	
3.7037	4	14	7	
3.70391	4	14	5	
3.70733	4	12	5	
3.70844	4	12	6	
3.70965	4	10	6	
3.71296	4	11	6	
3.7132	5	11	6	
3.71447	5	12	6	
3.71541	5	10	6	
3.71558	5	11	6	
3.7163	5	11	7	
3.7198	5	9	7	
3.72432	5	9	8	
3.73799	5	9	6	
3.74183	6	9	6	
3.742	6	9	4	
3.7448	6	10	4	
3.75119	6	10	5	
3.75265	6	8	5	
3.75528	6	9	5	
3.7566	6	10	5	
3.75848	6	10	6	
3.75952	6	10	7	
3.76218	6	11	7	
3.76312	6	11	8	
3.76564	6	11	9	
3.76799	4	11	9	
3.77562	4	9	9	
3.77653	4	10	9	
3.77717	5	10	9	
3.77943	5	8	9	
3.78195	5	8	7	
3.7844	5	9	7	
3.80142	6	9	7	
3.80239	4	9	7	
3.80354	4	9	8	
3.80833	4	9	6	
3.80995	4	9	7	
3.81213	4	10	7	
3.81726	4	8	7	
3.82191	4	6	7	
3.83207	5	6	7	
3.83812	5	4	7	
3.83841	5	4	5	
3.84001	6	4	5	
3.84075	6	5	5	
3.84146	6	6	5	
3.847	7	6	5	
3.84841	7	6	3	
3.84995	5	6	3	
3.85829	5	6	1	
3.86623	5	6	2	
3.86802	5	7	2	
3.86824	6	7	2	
3.87119	7	7	2	
3.87453	7	7	3	
3.8801	7	7	4	
3.88375	8	7	4	
3.88414	9	7	4	
3.88493	10	7	4	
3.88681	10	8	4	
3.88727	8	8	4	
3.88761	6	8	4	
3.88798	4	8	4	
3.89296	4	9	4	
3.89944	4	9	5	
3.90021	5	9	5	
3.9006	5	7	5	
3.90188	5	8	5	
3.90294	6	8	5	
3.9098	6	6	5	
3.91119	7	6	5	
3.91126	8	6	5	
3.91287	8	7	5	
3.91331	6	7	5	
3.91362	6	5	5	
3.91675	6	5	6	
3.92289	6	6	6	
3.9246	6	7	6	
3.92598	6	8	6	
3.92659	4	8	6	
3.92886	5	8	6	
3.93288	3	8	6	
3.93404	3	8	7	
3.93498	3	9	7	
3.93912	3	10	7	
3.93989	3	10	5	
3.94254	3	10	6	
3.9435	4	10	6	
3.94356	4	11	6	
3.94412	4	9	6	
3.94685	5	9	6	
3.94745	6	9	6	
3.94994	6	10	6	
3.95558	4	10	6	
3.95612	4	10	7	
3.95712	5	10	7	
3.95739	5	11	7	
3.95913	5	11	8	
3.96027	5	9	8	
3.96157	6	9	8	
3.96332	6	9	9	
3.9635	4	9	9	
3.96626	4	10	9	
3.96725	4	10	10	
3.97056	4	10	8	
3.97068	4	10	9	
3.97247	4	10	7	
3.97274	4	8	7	
3.9734	4	8	5	
3.97548	4	9	5	
3.97696	5	9	5	
3.97898	6	9	5	
3.98134	6	10	5	
3.98142	6	11	5	
3.98384	6	12	5	
3.9851	6	13	5	
3.98521	6	11	5	
3.98571	6	12	5	
3.98637	6	13	5	
3.98681	4	13	5	
3.98945	4	13	6	
3.99442	4	13	7	
3.99867	4	11	7	
4.00203	4	11	5	
4.00764	4	11	6	
4.00767	4	12	6	
4.00973	4	13	6	
4.01185	4	11	6	
4.01544	4	12	6	
4.01597	4	13	6	
4.02206	4	13	4	
4.02365	4	11	4	
4.02465	4	9	4	
4.02472	5	9	4	
4.0267	5	10	4	
4.02783	5	8	4	
4.02836	6	8	4	
4.03037	6	9	4	
4.03095	7	9	4	
4.03145	5	9	4	
4.03304	5	10	4	
4.0343	3	10	4	
4.03717	3	11	4	
4.04351	4	11	4	
4.04705	4	9	4	
4.04946	4	9	5	
4.05172	4	10	5	
4.05281	4	8	5	
4.064	4	9	5	
4.06534	4	10	5	
4.06609	5	10	5	
4.07399	5	8	5	
4.07425	5	8	6	
4.07484	5	9	6	
4.07726	5	9	7	
4.0805	5	10	7	
4.08096	6	10	7	
4.08202	6	11	7	
4.08228	6	11	8	
4.08278	6	9	8	
4.08334	6	9	9	
4.08388	6	10	9	
4.08512	4	10	9	
4.08545	5	10	9	
4.09363	5	10	7	
4.09672	5	10	8	
4.09896	5	11	8	
4.10048	6	11	8	
4.10449	7	11	8	
4.1065	7	9	8	
4.1096	7	10	8	
4.11069	7	10	6	
4.11469	7	11	6	
4.1148	5	11	6	
4.11931	3	11	6	
4.12307	3	9	6	
4.12391	3	9	7	
4.12575	4	9	7	
4.13062	4	9	8	
4.1324	2	9	8	
4.13702	2	10	8	
4.14229	3	10	8	
4.14342	3	8	8	
4.14371	3	6	8	
4.14495	3	7	8	
4.14518	3	5	8	
4.14818	3	6	8	
4.15052	4	6	8	
4.15366	5	6	8	
4.15375	5	4	8	
4.15518	3	4	8	
4.15722	3	5	8	
4.15977	4	5	8	
4.16187	4	5	9	
4.16473	5	5	9	
4.16813	5	5	7	
4.17099	5	6	7	
4.17172	6	6	7	
4.17509	7	6	7	
4.17593	8	6	7	
4.1761	6	6	7	
4.177	6	6	8	
4.18611	6	6	6	
4.18687	6	7	6	
4.18904	7	7	6	
4.19049	7	7	7	
4.19364	7	8	7	
4.1963	7	9	7	
4.19734	7	9	5	
4.20086	7	7	5	
4.20153	7	7	6	
4.20302	7	7	7	
4.20891	5	7	7	
4.21151	5	7	5	
4.21282	5	7	6	
4.21317	5	8	6	
4.21732	5	9	6	
4.21914	5	7	6	
4.22258	3	7	6	
4.22702	3	7	7	
4.23033	4	7	7	
4.23725	5	7	7	
4.23807	5	7	8	
4.23831	5	5	8	
4.23893	5	5	6	
4.23957	6	5	6	
4.24076	6	6	6	
4.24565	7	6	6	
4.24824	7	6	4	
4.25	7	6	5	
4.25214	8	6	5	
4.25261	6	6	5	
4.2527	6	6	6	
4.25465	6	6	4	
4.25692	7	6	4	
4.25752	7	7	4	
4.26406	7	7	5	
4.26633	7	7	3	
4.26639	8	7	3	
4.26652	6	7	3	
4.26743	6	5	3	
4.26858	6	5	4	
4.27006	6	5	5	
4.2726	6	5	6	
4.27388	6	5	7	
4.27648	6	6	7	
4.28724	6	6	8	
4.28887	6	6	9	
4.29112	6	4	9	
4.293	4	4	9	
4.29503	4	4	7	
4.30072	4	4	8	
4.30233	5	4	8	
4.30254	6	4	7	
4.31087	6	4	5	
4.31328	6	4	6	
4.32635	6	5	5	
4.33483	6	5	6	
4.33789	6	5	7	
4.33824	6	5	5	
4.34135	6	6	5	
4.34219	6	7	5	
4.35324	6	8	5	
4.35446	6	9	5	
4.36192	6	9	6	
4.36356	6	7	6	
4.36431	6	8	6	
4.36521	6	6	6	
4.36566	6	7	6	
4.36603	6	7	7	
4.36665	6	7	8	
4.36762	6	7	6	
4.36872	4	7	6	
4.36887	4	5	6	
4.36967	4	6	6	
4.3706	4	6	7	
4.37114	5	6	7	
4.37273	6	6	7	
4.37335	7	6	7	
4.37398	5	6	7	
4.37742	5	4	7	
4.38118	5	4	8	
4.38254	5	5	8	
4.38354	5	5	6	
4.38519	5	6	6	
4.38635	5	6	7	
4.38756	5	7	7	
4.39094	5	7	8	
4.40029	5	7	9	
4.40258	5	5	9	
4.40676	5	5	10	
4.40843	5	6	10	
4.4085	5	4	10	
4.41172	5	5	10	
4.41317	5	5	8	
4.41446	5	3	8	
4.41537	5	4	8	
4.41735	6	4	8	
4.42366	6	5	8	
4.42756	7	5	8	
4.42837	5	5	8	
4.42969	5	5	9	
4.43178	5	5	7	
4.43396	5	6	7	
4.43468	6	6	7	
4.43516	6	6	5	
4.43686	6	6	6	
4.44505	7	6	6	
4.45442	7	7	6	
4.46277	7	8	6	
4.46321	5	8	6	
4.46467	5	8	7	
4.46796	5	8	5	
4.4682	5	9	5	
4.47048	5	10	5	
4.47281	5	8	5	
4.47328	6	7	5	
4.47985	6	7	6	
4.48309	6	7	7	
4.48863	6	7	8	
4.49097	7	7	8	
4.49226	5	7	8	
4.49324	5	7	9	
4.49796	5	7	7	
4.499	5	8	7	
4.50093	5	8	8	
4.50252	5	8	6	
4.50311	6	8	6	
4.50392	6	8	4	
4.50452	7	8	4	
4.50468	7	8	5	
4.50769	7	8	6	
4.50795	8	8	6	
4.51047	8	9	6	
4.51231	8	9	7	
4.51499	9	9	7	
4.51578	9	7	7	
4.5214	10	7	7	
4.52341	11	7	7	
4.5246	12	7	7	
4.52691	12	7	5	
4.52699	12	5	5	
4.52754	13	5	5	
4.52863	13	6	5	
4.53058	11	6	5	
4.53235	11	7	5	
4.53298	10	7	6	
4.53381	10	8	6	
4.53701	8	8	6	
4.54155	9	8	6	
4.54264	10	8	6	
4.54346	10	8	4	
4.54582	10	9	4	
4.54653	10	7	4	
4.5501	11	7	4	
4.55061	12	7	4	
4.55289	10	7	4	
4.5575	10	5	4	
4.55904	11	5	4	
4.55953	11	6	4	
4.56261	9	6	4	
4.56423	10	6	4	
4.5677	8	6	4	
4.56774	8	6	5	
4.56883	8	6	6	
4.57756	8	6	7	
4.58649	9	6	7	
4.59038	7	6	7	
4.59131	5	6	7	
4.59135	6	6	7	
4.59183	7	6	7	
4.59199	7	7	7	
4.59497	7	8	7	
4.59503	7	6	7	
4.59547	7	7	7	
4.59642	7	8	7	
4.59987	7	6	7	
4.59991	7	6	5	
4.60086	7	7	5	
4.60166	7	8	5	
4.60475	8	8	5	
4.60624	8	8	6	
4.60743	8	9	6	
4.60873	9	9	6	
4.61098	9	9	4	
4.61158	9	9	5	
4.61351	9	9	6	
4.61394	9	9	4	
4.6152	7	9	4	
4.61628	7	10	4	
4.6167	8	10	4	
4.61814	9	10	4	
4.61985	9	10	5	
4.6199	9	10	6	
4.62145	9	10	7	
4.62581	9	8	7	
4.62584	9	6	7	
4.62678	7	6	7	
4.62679	7	6	8	
4.6278	5	6	8	
4.62828	5	7	8	
4.62915	5	7	9	
4.63218	5	8	9	
4.63243	5	8	10	
4.63496	5	8	8	
4.63721	5	9	8	
4.63902	5	10	8	
4.64074	3	10	8	
4.64159	4	9	8	
4.64659	5	9	8	
4.64802	5	9	9	
4.65152	6	9	9	
4.65301	6	9	7	
4.65501	6	10	7	
4.6571	6	10	5	
4.65744	4	10	5	
4.65967	4	10	6	
4.6634	4	8	6	
4.66862	5	8	6	
4.66893	6	8	6	
4.67089	6	8	7	
4.67215	4	8	7	
4.67448	2	8	7	
4.67542	3	8	7	
4.67847	3	9	7	
4.67856	3	9	8	
4.67861	4	9	8	
4.68125	4	9	9	
4.68621	4	10	9	
4.68705	4	8	9	
4.6883	4	8	10	
4.69611	4	8	11	
4.69963	4	6	11	
4.70084	4	7	11	
4.70358	5	7	11	
4.70364	6	7	11	
4.70466	6	7	12	
4.70526	6	7	13	
4.70767	6	7	11	
4.70821	6	7	12	
4.70856	6	8	12	
4.70857	6	8	10	
4.71012	6	8	8	
4.71441	6	8	9	
4.71664	6	8	10	
4.71759	6	9	10	
4.72244	7	9	10	
4.72351	7	9	8	
4.7261	7	10	8	
4.72617	5	10	8	
4.72866	5	11	8	
4.7289	3	11	8	
4.73568	3	9	8	
4.73571	3	9	9	
4.73596	4	9	9	
4.73617	4	10	9	
4.73644	4	10	10	
4.73645	4	11	10	
4.73686	5	11	10	
4.74273	5	11	8	
4.74369	5	11	9	
4.74682	5	9	9	
4.74716	5	9	10	
4.7472	5	10	10	
4.75029	5	10	8	
4.75232	6	10	8	
4.75498	4	10	8	
4.75818	4	10	6	
4.76054	4	11	6	
4.76216	4	9	6	
4.76427	4	10	6	
4.76476	5	10	6	
4.76877	5	10	7	
4.77205	6	10	7	
4.77464	6	11	7	
4.775	6	12	7	
4.77551	7	12	7	
4.77598	7	12	8	
4.77824	7	10	8	
4.78163	5	10	8	
4.78179	5	10	6	
4.78404	5	10	7	
4.7847	5	10	5	
4.79088	5	11	5	
4.79174	5	12	5	
4.79204	5	10	5	
4.79356	5	10	6	
4.79439	5	8	6	
4.79454	5	6	6	
4.79654	6	6	6	
4.79729	6	7	6	
4.79762	7	7	6	
4.8019	7	7	7	
4.80497	7	8	7	
4.80729	7	8	8	
4.80816	5	8	8	
4.8083	5	6	8	
4.80846	5	6	9	
4.80915	5	6	7	
4.82606	5	6	5	
4.82734	5	7	5	
4.83048	5	7	6	
4.83288	3	7	6	
4.83636	3	8	6	
4.83651	3	8	4	
4.83654	3	8	5	
4.83858	3	9	5	
4.83864	1	9	5	
4.8396	1	7	5	
4.84735	2	7	5	
4.84948	2	8	5	
4.85194	2	6	5	
4.85591	3	6	5	
4.85728	3	7	5	
4.85768	3	8	5	
4.86333	4	8	5	
4.86639	4	8	6	
4.86852	5	8	6	
4.86938	5	9	6	
4.87007	5	9	7	
4.87204	5	10	7	
4.87325	5	11	7	
4.87628	6	11	7	
4.87773	4	11	7	
4.87852	4	12	7	
4.8843	4	10	7	
4.88569	4	10	5	
4.88619	4	11	5	
4.88866	4	11	3	
4.89064	4	11	4	
4.8952	5	11	4	
4.89521	6	11	4	
4.89754	6	12	4	
4.89947	6	13	4	
4.90032	6	14	4	
4.90065	7	14	4	
4.90462	8	14	4	
4.90588	8	15	4	
4.90747	8	15	5	
4.90974	8	16	5	
4.91452	8	14	5	
4.91524	8	12	5	
4.92276	6	12	5	
4.923	6	13	5	
4.92618	6	14	5	
4.92638	6	12	5	
4.93057	6	10	5	
4.93127	7	10	5	
4.93158	7	8	5	
4.93192	7	9	5	
4.93214	7	9	3	
4.93275	7	7	3	
4.93604	7	7	4	
4.93763	7	5	4	
4.93843	7	5	5	
4.9397	8	5	5	
4.94462	8	5	6	
4.94522	6	5	6	
4.94566	6	5	7	
4.95161	6	6	7	
4.95432	7	6	7	
4.96098	7	6	8	
4.96122	7	6	9	
4.96143	7	7	9	
4.96298	7	8	9	
4.96302	7	8	10	
4.96387	7	8	8	
4.96695	7	9	8	
4.96789	7	10	8	
4.96799	8	10	8	
4.96909	6	10	8	
4.97103	6	10	6	
4.97146	4	10	6	
4.97195	4	8	6	
4.97399	4	8	4	
4.97646	5	8	4	
4.97724	6	8	4	
4.97932	6	9	4	
4.99551	7	9	4	
4.99662	7	9	5	
4.99915	8	9	5	
5.00122	8	10	5	
5.00238	6	10	5	
5.00406	6	8	5	
5.00599	6	9	5	
5.00747	6	9	6	
5.00827	6	7	6	
5.00844	6	7	7	
5.01022	6	8	7	
5.01125	6	8	8	
5.01193	6	9	8	
5.01509	6	9	9	
5.01531	6	10	9	
5.02152	7	10	9	
5.02292	8	10	9	
5.02443	8	11	8	
5.0255	6	11	8	
5.0278	6	11	6	
5.03074	5	12	6	
5.03193	6	12	6	
5.03257	7	12	6	
5.03648	7	13	6	
5.0368	7	14	6	
5.03795	7	14	4	
5.04177	7	12	4	
5.04582	8	12	4	
5.04686	9	12	4	
5.05178	7	12	4	
5.05249	7	13	4	
5.054	7	11	4	
5.05455	7	11	5	
5.05495	7	9	5	
5.05705	8	9	5	
5.05782	9	9	5	
5.0622	9	9	6	
5.06495	9	9	4	
5.06883	9	9	2	
5.07291	9	9	3	
5.07595	10	9	3	
5.07791	10	7	3	
5.07894	10	5	3	
5.08093	11	5	3	
5.08458	9	5	3	
5.08733	7	5	3	
5.08827	8	5	3	
5.09534	8	5	4	
5.10042	8	6	4	
5.10056	6	6	4	
5.10486	6	7	4	
5.1095	7	7	4	
5.10966	8	7	4	
5.1114	9	7	4	
5.1132	10	7	4	
5.12087	10	8	4	
5.1213	10	9	4	
5.12455	10	9	5	
5.12456	11	9	5	
5.12506	9	9	5	
5.12508	10	9	5	
5.1251	11	9	5	
5.12978	11	10	5	
5.12988	12	10	5	
5.13257	12	11	5	
5.13264	12	9	5	
5.13414	13	9	5	
5.1374	14	9	5	
5.13843	12	9	5	
5.14223	10	9	5	
5.14268	11	9	5	
5.1433	11	7	5	
5.14373	9	7	5	
5.15433	9	8	5	
5.15572	9	9	5	
5.15854	10	9	5	
5.16074	8	9	5	
5.16401	8	10	5	
5.16647	8	8	5	
5.16899	8	6	5	
5.1704	9	6	5	
5.17446	9	4	5	
5.17524	10	4	5	
5.18218	11	4	5	
5.18328	11	5	5	
5.18432	9	5	5	
5.1846	9	6	5	
5.18532	10	6	5	
5.18535	8	6	5	
5.18803	8	6	6	
5.19448	8	6	7	
5.19602	8	7	7	
5.20039	8	7	5	
5.20123	8	8	5	
5.20387	9	8	5	
5.20397	7	8	5	
5.20865	7	8	3	
5.21106	8	8	3	
5.21647	8	9	3	
5.21734	8	7	3	
5.22075	9	7	3	
5.22106	9	7	4	
5.22126	7	7	4	
5.23041	7	5	4	
5.23177	7	6	4	
5.23562	7	7	4	
5.23582	7	7	5	
5.237	8	7	5	
5.2376	6	7	5	
5.23897	7	7	5	
5.24045	7	7	6	
5.24867	7	5	6	
5.25055	5	5	6	
5.251	6	5	6	
5.25604	7	5	6	
5.2583	7	5	7	
5.26391	8	5	7	
5.26677	8	5	8	
5.26798	8	6	8	
5.27369	6	6	8	
5.27581	6	7	8	
5.27927	6	8	8	
5.27946	4	8	8	
5.28345	4	6	8	
5.28853	5	6	8	
5.29007	5	4	8	
5.29018	5	4	9	
5.29313	5	5	9	
5.29444	6	5	9	
5.2967	7	5	9	
5.29686	7	5	10	
5.30224	7	6	10	
5.30481	7	7	10	
5.30523	8	7	10	
5.30996	9	7	10	
5.31023	9	8	10	
5.31096	9	8	11	
5.31278	7	8	11	
5.31465	7	9	11	
5.31687	7	10	11	
5.31785	7	11	11	
5.31843	7	9	11	
5.31845	8	9	11	
5.31847	8	9	12	
5.31854	8	7	12	
5.32094	8	5	12	
5.32805	8	5	13	
5.3331	8	3	13	
5.33449	8	3	14	
5.33481	6	3	14	
5.33857	6	3	15	
5.33879	4	3	15	
5.34206	4	4	15	
5.34496	5	4	15	
5.34865	3	4	15	
5.34959	3	4	16	
5.35594	3	4	17	
5.35629	3	4	15	
5.35728	3	4	13	
5.35768	4	4	13	
5.35865	4	4	11	
5.36126	4	5	11	
5.36277	5	5	11	
5.36628	5	5	9	
5.36687	5	5	10	
5.36972	5	5	11	
5.36992	5	5	12	
5.37481	5	6	12	
5.37875	6	6	12	
5.37925	6	6	10	
5.38081	6	6	11	
5.38453	6	6	9	
5.38492	6	7	9	
5.38498	6	7	10	
5.38831	6	8	10	
5.39541	6	6	10	
5.40065	7	6	10	
5.40113	7	6	11	
5.40123	7	4	11	
5.40157	7	4	9	
5.40199	7	5	9	
5.40324	7	6	9	
5.40801	7	6	7	
5.40804	7	6	8	
5.41042	8	6	8	
5.41149	9	6	8	
5.41422	9	7	8	
5.41525	9	8	8	
5.41543	9	8	6	
5.41574	7	8	6	
5.41626	7	8	7	
5.41865	7	8	8	
5.42086	8	8	8	
5.42228	8	9	8	
5.42404	8	7	8	
5.42437	8	7	6	
5.42496	9	7	6	
5.42602	7	7	6	
5.42614	7	5	6	
5.42774	7	6	6	
5.43443	8	6	6	
5.43504	9	6	6	
5.43547	9	6	7	
5.44306	9	4	7	
5.44413	9	5	7	
5.44507	10	5	7	
5.44557	11	5	7	
5.44559	11	5	5	
5.4457	12	5	5	
5.44632	12	6	5	
5.44776	10	6	5	
5.44894	11	6	5	
5.45206	11	6	6	
5.45244	11	7	6	
5.45711	9	7	6	
5.4606	9	7	7	
5.46793	9	7	8	
5.46845	8	8	8	
5.47	9	8	8	
5.47025	9	8	6	
5.47437	10	8	6	
5.47465	11	8	6	
5.47476	11	8	7	
5.4748	11	8	8	
5.47957	12	8	8	
5.48106	10	8	8	
5.48324	10	8	9	
5.48949	8	8	9	
5.49299	6	8	9	
5.49812	6	8	7	
5.49923	7	8	7	
5.50573	7	9	7	
5.50703	7	7	7	
5.50778	7	7	5	
5.50827	7	7	6	
5.5138	5	7	6	
5.51413	6	7	6	
5.51453	7	7	6	
5.52061	7	5	6	
5.52284	7	3	6	
5.52432	7	4	6	
5.52516	8	4	6	
5.52561	9	4	6	
5.52705	9	4	4	
5.52742	9	4	5	
5.52927	7	4	5	
5.52949	7	5	5	
5.53137	8	5	5	
5.53146	9	5	5	
5.53516	9	3	5	
5.53609	7	3	5	
5.53681	7	3	6	
5.54155	7	3	4	
5.54608	5	3	4	
5.55173	5	3	5	
5.55315	6	3	5	
5.55324	6	3	6	
5.55356	6	4	6	
5.56033	7	4	6	
5.56848	7	5	6	
5.57238	8	5	6	
5.57687	8	5	7	
5.58109	8	6	7	
5.58954	8	4	7	
5.59329	8	4	5	
5.59601	8	5	5	
5.60124	6	5	5	
5.60273	4	5	5	
5.60318	4	5	6	
5.6056	4	6	6	
5.60618	4	6	7	
5.6065	4	4	7	
5.6073	5	4	7	
5.61417	5	4	8	
5.61691	6	4	8	
5.61883	6	5	8	
5.62155	7	5	8	
5.62178	7	6	8	
5.62478	7	4	8	
5.62819	8	4	8	
5.63865	8	4	9	
5.64026	6	4	9	
5.64125	6	5	9	
5.64203	7	5	9	
5.64486	7	5	10	
5.64635	7	6	10	
5.6497	5	6	10	
5.65607	5	7	10	
5.65638	5	7	8	
5.65662	5	7	9	
5.65867	5	8	9	
5.66174	5	9	9	
5.66221	6	9	9	
5.66227	7	9	9	
5.66316	7	10	9	
5.66632	7	8	9	
5.66745	7	9	9	
5.66875	7	9	10	
5.67094	7	9	11	
5.67118	7	9	12	
5.67324	7	9	13	
5.67328	7	9	11	
5.68054	7	10	11	
5.68203	7	10	9	
5.68242	7	11	9	
5.68374	7	12	9	
5.68479	7	12	10	
5.68668	7	13	10	
5.68722	5	13	10	
5.69114	5	13	11	
5.69397	5	13	9	
5.69536	5	13	7	
5.69618	3	13	7	
5.69653	3	13	5	
5.69738	3	11	5	
5.70046	3	11	3	
5.70336	3	12	3	
5.70377	3	10	3	
5.70604	4	10	3	
5.70643	4	10	4	
5.70783	4	11	4	
5.70947	4	11	2	
5.71072	4	9	2	
5.7152	4	10	2	
5.71607	2	10	2	
5.71755	2	10	3	
5.72045	2	10	4	
5.7262	2	10	5	
5.72823	3	10	5	
5.73115	4	10	5	
5.73201	5	10	5	
5.73344	5	11	5	
5.74024	5	12	5	
5.74142	6	12	5	
5.74142	6	13	5	
5.74243	7	13	5	
5.74354	8	13	5	
5.75413	8	14	5	
5.75462	8	14	6	
5.75526	8	14	7	
5.75559	8	14	8	
5.75985	8	12	8	
5.75998	8	12	9	
5.76071	9	12	9	
5.76146	9	13	9	
5.7636	9	11	9	
5.76367	9	12	9	
5.76384	9	12	10	
5.76396	9	10	10	
5.76694	9	10	8	
5.76698	9	10	6	
5.76838	7	10	6	
5.76887	7	8	6	
5.76981	8	8	6	
5.77011	9	8	6	
5.77248	7	8	6	
5.77335	7	9	6	
5.77354	7	7	6	
5.77551	7	7	4	
5.77921	8	7	4	
5.78081	9	7	4	
5.78179	10	7	4	
5.78338	11	7	4	
5.78962	9	7	4	
5.79016	10	7	4	
5.79381	10	8	4	
5.79381	10	9	4	
5.7941	10	7	4	
5.7948	11	7	4	
5.79585	11	7	5	
5.79916	11	8	5	
5.8058	11	6	5	
5.80786	11	7	5	
5.80823	9	7	5	
5.80887	10	7	5	
5.81114	10	8	5	
5.81171	10	9	5	
5.81213	11	9	5	
5.81252	9	9	5	
5.81627	9	10	5	
5.81632	9	10	3	
5.81744	9	11	3	
5.82054	9	11	4	
5.82185	9	12	4	
5.82389	9	13	4	
5.82533	7	13	4	
5.82652	7	11	4	
5.82954	7	11	5	
5.83093	8	11	5	
5.836	9	11	5	
5.83845	9	11	6	
5.84271	9	9	6	
5.84374	9	7	6	
5.84478	9	7	7	
5.84482	9	8	7	
5.84492	9	8	8	
5.84718	9	9	8	
5.84745	10	9	8	
5.84981	11	9	8	
5.85029	11	9	9	
5.85436	11	10	9	
5.85627	9	10	9	
5.85963	9	11	9	
5.85984	10	11	9	
5.86285	10	11	7	
5.8645	10	12	7	
5.8646	10	10	7	
5.87001	10	10	5	
5.87052	10	10	6	
5.87197	11	10	6	
5.87323	11	8	6	
5.87434	11	9	6	
5.87746	11	10	6	
5.88323	11	10	7	
5.885	11	11	7	
5.88648	12	11	7	
5.88652	12	12	7	
5.88676	12	10	7	
5.88704	10	10	7	
5.88869	10	11	7	
5.88876	10	12	7	
5.89377	10	12	8	
5.89727	10	12	6	
5.89968	10	10	6	
5.90113	10	10	7	
5.90392	11	10	7	
5.90545	11	11	7	
5.90598	11	12	7	
5.90743	11	10	7	
5.90832	11	11	7	
5.91181	11	11	8	
5.91215	11	11	6	
5.91365	11	9	6	
5.9169	12	9	6	
5.9171	13	9	6	
5.91758	13	9	7	
5.91764	13	9	5	
5.91806	13	7	5	
5.9186	13	5	5	
5.92111	11	5	5	
5.92294	11	6	5	
5.92576	11	7	5	
5.92837	12	7	5	
5.92929	13	7	5	
5.93126	11	7	5	
5.93241	9	7	5	
5.93314	9	7	6	
5.93379	9	8	6	
5.9355	9	9	6	
5.93568	10	9	6	
5.94096	11	9	6	
5.94286	11	10	6	
5.94331	11	11	6	
5.94358	11	12	6	
5.94617	11	12	7	
5.94895	9	12	7	
5.94919	10	12	7	
5.95051	11	12	7	
5.95425	12	12	7	
5.95435	13	12	7	
5.95463	13	13	7	
5.95588	13	13	8	
5.95619	13	13	6	
5.95718	11	13	6	
5.95834	11	11	6	
5.96135	11	9	6	
5.96213	9	9	6	
5.9657	9	7	6	
5.96718	10	7	6	
5.97599	10	8	6	
5.97765	10	8	7	
5.97886	10	9	7	
5.98015	10	7	7	
5.98334	8	7	7	
5.98525	8	8	7	
5.9856	9	8	7	
5.98881	9	9	7	
5.99208	9	9	8	
5.99333	9	9	9	
5.99337	9	9	7	
5.99462	9	9	8	
5.99556	9	9	9	
5.99701	9	9	10	
5.99788	9	7	10	
5.99844	9	8	10	
5.99973	9	9	10	
6.00005	9	7	10	
6.00173	10	7	9	
6.00183	10	8	9	
6.00298	11	8	9	
6.00321	12	8	9	
6.00595	12	9	9	
6.00699	10	9	9	
6.00956	10	7	9	
6.01022	10	8	9	
6.0108	11	8	9	
6.011	11	9	9	
6.01261	11	9	7	
6.01321	11	7	7	
6.01429	11	5	7	
6.01597	9	5	7	
6.0188	10	5	7	
6.01993	10	6	7	
6.02165	10	6	8	
6.02228	11	6	8	
6.02548	12	6	8	
6.02723	12	6	9	
6.02904	12	7	9	
6.03438	12	7	10	
6.03892	10	7	10	
6.04135	10	7	8	
6.0434	8	7	8	
6.05108	8	7	6	
6.05598	9	7	6	
6.06357	9	7	7	
6.06361	9	5	7	
6.06635	10	5	7	
6.06818	11	5	7	
6.06872	11	6	7	
6.07809	11	7	7	
6.08258	11	7	8	
6.08347	9	7	8	
6.08479	9	5	8	
6.09107	9	5	6	
6.09126	9	6	6	
6.09298	9	4	6	
6.09325	9	4	7	
6.09711	9	4	8	
6.1025	9	4	9	
6.10407	9	5	9	
6.10517	9	5	7	
6.10653	9	5	8	
6.10838	10	5	8	
6.10953	10	6	8	
6.11281	11	6	8	
6.11283	12	6	8	
6.11306	12	4	8	
6.11374	12	4	9	
6.11445	12	4	10	
6.11515	13	4	10	
6.11889	13	4	8	
6.12045	13	5	8	
6.12511	11	5	8	
6.12563	11	6	8	
6.12913	12	6	8	
6.13006	12	6	6	
6.13533	10	6	6	
6.1354	11	6	6	
6.14128	9	6	6	
6.14131	9	4	6	
6.1423	9	4	4	
6.14644	9	4	5	
6.14859	10	4	5	
6.14911	8	4	5	
6.14977	9	4	5	
6.15384	10	3	5	
6.15486	10	4	5	
6.15912	10	4	6	
6.15979	8	4	6	
6.16444	8	4	7	
6.16455	9	4	7	
6.16968	9	2	7	
6.17203	7	2	7	
6.17334	7	2	8	
6.17546	5	2	8	
6.178	5	3	8	
6.17807	5	3	9	
6.17873	5	3	7	
6.17878	5	3	8	
6.1799	6	3	8	
6.18031	7	3	8	
6.18589	7	3	9	
6.18839	7	3	7	
6.18944	7	3	8	
6.1938	7	3	9	
6.19778	8	3	9	
6.20211	6	3	9	
6.20456	6	3	10	
6.21096	6	4	10	
6.21132	7	4	10	
6.21728	5	4	10	
6.22589	6	4	10	
6.22646	6	4	11	
6.22884	6	5	11	
6.22896	7	5	11	
6.23113	8	5	10	
6.23184	8	6	10	
6.23247	8	6	8	
6.2329	8	7	8	
6.2346	8	7	6	
6.23748	9	7	6	
6.24013	9	5	6	
6.24359	9	5	7	
6.2437	7	5	7	
6.24555	8	5	7	
6.2491	8	5	8	
6.25266	8	5	9	
6.25306	9	5	9	
6.25347	7	5	9	
6.25677	7	6	9	
6.25729	8	6	9	
6.2583	9	6	9	
6.25895	9	4	9	
6.26548	7	4	9	
6.26663	8	4	9	
6.26765	8	5	9	
6.27873	8	5	10	
6.27879	8	5	8	
6.2801	6	5	8	
6.28145	6	6	8	
6.28296	6	6	9	
6.28442	7	6	9	
6.28631	8	6	9	
6.28987	6	6	9	
6.29018	6	4	9	
6.29588	6	4	10	
6.29758	6	5	10	
6.29784	4	5	10	
6.29803	4	5	11	
6.29956	4	5	9	
6.30493	4	6	9	
6.30741	4	7	9	
6.30903	4	7	10	
6.3098	4	5	10	
6.31149	4	5	8	
6.31581	4	5	6	
6.31582	5	5	6	
6.31856	5	6	6	
6.32382	5	7	6	
6.32554	5	8	6	
6.32555	5	6	6	
6.32757	5	7	6	
6.32893	6	7	6	
6.33015	6	8	6	
6.33045	6	8	7	
6.33047	6	9	7	
6.33047	4	9	7	
6.33181	4	7	7	
6.33358	5	7	7	
6.33516	5	8	7	
6.33572	5	8	8	
6.33611	5	9	8	
6.33681	5	9	9	
6.33716	5	9	10	
6.34007	5	10	10	
6.34013	6	10	10	
6.3436	6	11	10	
6.34454	7	11	10	
6.34798	8	11	10	
6.35199	8	11	11	
6.35255	8	11	9	
6.35276	8	12	9	
6.35423	8	10	9	
6.3549	8	10	7	
6.35799	8	10	5	
6.35814	8	8	5	
6.35877	8	8	6	
6.3633	9	8	6	
6.36899	9	6	6	
6.37003	9	7	6	
6.37395	9	7	7	
6.37672	7	7	7	
6.37703	8	7	7	
6.37991	8	8	7	
6.38062	6	8	7	
6.38433	6	8	5	
6.39247	7	8	5	
6.39794	5	8	5	
6.40407	5	8	3	
6.40488	5	9	3	
6.40715	5	10	3	
6.40731	5	10	4	
6.41121	6	10	4	
6.41612	6	11	4	
6.41638	6	9	4	
6.41676	7	9	4	
6.41717	7	10	4	
6.41819	7	11	4	
6.42325	5	11	4	
6.42392	5	11	5	
6.42632	5	11	6	
6.42959	5	9	6	
6.42974	5	9	7	
6.42977	5	7	7	
6.43497	5	7	8	
6.44068	5	5	8	
6.44392	5	5	9	
6.45097	3	5	9	
6.45344	4	5	9	
6.45585	4	6	9	
6.45739	4	6	7	
6.46262	4	6	8	
6.46367	4	7	8	
6.46442	4	7	9	
6.46722	4	8	9	
6.46784	4	8	10	
6.46919	4	8	8	
6.46923	4	8	9	
6.47753	4	8	10	
6.47928	4	9	10	
6.48263	4	10	10	
6.48328	4	8	10	
6.48453	4	8	11	
6.48711	4	6	11	
6.49223	4	6	9	
6.49229	4	6	10	
6.49269	5	6	10	
6.4938	5	6	8	
6.49529	6	6	8	
6.49592	7	6	8	
6.49764	7	6	9	
6.49882	5	6	9	
6.50123	5	7	9	
6.50171	5	5	9	
6.50389	5	5	10	
6.50424	5	5	8	
6.506	6	5	8	
6.512	6	5	6	
6.51383	6	3	6	
6.51897	7	3	6	
6.52008	8	3	6	
6.5219	6	3	6	
6.52649	6	3	7	
6.52669	7	3	7	
6.52692	8	3	7	
6.52894	8	4	7	
6.53454	8	5	7	
6.53457	6	5	7	
6.53723	6	5	5	
6.53894	6	6	5	
6.53996	7	6	5	
6.5456	5	6	5	
6.54667	6	6	5	
6.55223	4	6	5	
6.55284	4	4	5	
6.55408	5	4	5	
6.55458	5	4	6	
6.55461	3	4	6	
6.55714	3	4	4	
6.56183	3	4	5	
6.56294	3	5	5	
6.56311	3	5	3	
6.56888	3	5	4	
6.57334	3	4	5	
6.57814	3	5	5	
6.58298	3	5	6	
6.58674	3	6	6	
6.58993	3	6	4	
6.59499	4	6	4	
6.59634	4	6	5	
6.59705	5	6	5	
6.60175	5	6	6	
6.60416	3	6	6	
6.60689	3	6	7	
6.61075	4	6	7	
6.61716	5	6	7	
6.62062	5	6	8	
6.62229	3	6	8	
6.62264	4	6	8	
6.62441	4	7	8	
6.62971	4	8	8	
6.63074	4	8	6	
6.63254	4	6	6	
6.63271	4	6	7	
6.63473	4	4	7	
6.64351	4	4	8	
6.64512	5	4	8	
6.64948	5	4	6	
6.65961	5	4	7	
6.66046	5	5	7	
6.66345	5	5	8	
6.66638	5	5	6	
6.66661	5	5	4	
6.66788	5	5	5	
6.6787	5	5	3	
6.67906	6	5	3	
6.67994	6	5	4	
6.6808	6	6	4	
6.68103	7	6	4	
6.68964	7	4	4	
6.69068	8	4	4	
6.69641	8	4	5	
6.69841	8	5	5	
6.69956	8	6	5	
6.70033	8	7	5	
6.70453	6	7	5	
6.70691	6	7	6	
6.70941	7	7	6	
6.71025	7	7	4	
6.71119	5	7	4	
6.71145	5	7	5	
6.71177	5	5	5	
6.71411	3	5	5	
6.71418	4	5	5	
6.71501	4	5	6	
6.71517	4	5	4	
6.71566	4	6	4	
6.71567	4	6	5	
6.71871	4	6	3	
6.72072	2	6	3	
6.72652	2	6	4	
6.72864	2	6	5	
6.72896	3	6	5	
6.72946	3	7	5	
6.72984	3	7	6	
6.73691	3	7	4	
6.73834	4	7	4	
6.73921	4	7	5	
6.74586	5	7	5	
6.74812	5	5	5	
6.74928	5	5	6	
6.75111	6	5	6	
6.7532	6	6	6	
6.75589	6	7	6	
6.75772	7	7	6	
6.76113	7	7	7	
6.76338	7	7	8	
6.76352	7	7	6	
6.76417	7	7	7	
6.76462	7	5	7	
6.76909	7	5	8	
6.77	8	5	8	
6.77098	8	5	9	
6.77569	9	5	9	
6.78144	9	6	9	
6.78254	9	6	10	
6.78289	9	6	8	
6.78863	9	7	8	
6.79011	9	8	8	
6.7924	10	8	8	
6.79308	10	6	8	
6.79344	10	7	8	
6.79855	10	7	9	
6.80073	11	7	9	
6.80229	11	7	10	
6.80242	9	7	10	
6.80278	9	5	10	
6.8029	10	5	10	
6.80677	10	6	10	
6.80917	8	6	10	
6.81195	8	7	10	
6.81326	9	7	10	
6.81327	9	7	11	
6.81465	9	8	11	
6.81598	9	8	9	
6.81702	9	6	9	
6.81924	9	6	10	
6.81978	10	6	10	
6.82173	11	6	10	
6.82185	9	6	10	
6.82215	9	6	8	
6.82527	10	6	8	
6.82619	10	7	8	
6.82677	10	5	8	
6.82776	10	5	6	
6.82785	11	5	6	
6.83451	12	5	5	
6.83565	13	5	5	
6.83864	14	5	5	
6.83885	12	5	5	
6.84171	13	5	5	
6.84408	14	5	5	
6.84664	14	5	3	
6.84698	12	5	3	
6.84793	12	6	3	
6.8486	12	7	3	
6.85561	12	8	3	
6.85578	12	8	4	
6.85808	10	8	4	
6.85871	11	8	4	
6.85899	11	9	4	
6.85979	12	9	4	
6.85995	13	9	4	
6.86296	13	10	4	
6.86308	13	8	4	
6.86335	13	8	5	
6.86577	14	8	5	
6.86722	14	9	5	
6.86753	14	9	6	
6.87083	14	7	6	
6.87094	14	8	6	
6.87626	12	8	6	
6.87886	12	9	6	
6.87974	11	10	6	
6.8824	11	11	6	
6.88495	11	12	6	
6.892	11	13	6	
6.89307	12	13	6	
6.89315	10	13	6	
6.89745	10	11	6	
6.8979	10	9	6	
6.90164	8	9	6	
6.90401	9	9	6	
6.90528	9	9	7	
6.9073	9	9	5	
6.90777	10	9	5	
6.91215	11	9	5	
6.91792	11	9	6	
6.91973	11	9	4	
6.92144	11	7	4	
6.92369	11	8	4	
6.92793	11	8	5	
6.92824	9	8	5	
6.93256	9	8	6	
6.93397	10	8	6	
6.93531	11	8	6	
6.93781	12	8	6	
6.93973	12	9	6	
6.94038	12	10	6	
6.94229	12	8	6	
6.94266	12	6	6	
6.94282	12	6	7	
6.94362	12	6	5	
6.94724	12	6	6	
6.94918	12	4	6	
6.95265	10	4	6	
6.95267	10	5	6	
6.95635	10	5	7	
6.95696	11	5	7	
6.96036	12	5	7	
6.9635	10	5	7	
6.96593	10	5	8	
6.96653	8	5	8	
6.96711	8	6	8	
6.96727	9	6	8	
6.96957	10	6	8	
6.97201	10	4	8	
6.97289	11	4	8	
6.97297	11	5	8	
6.97299	12	5	8	
6.9739	13	5	8	
6.9747	13	5	6	
6.97635	11	5	6	
6.98103	9	5	6	
6.98395	7	5	6	
6.98492	7	3	6	
6.98519	5	3	6	
6.98582	6	3	6	
6.98837	6	3	7	
6.98838	7	3	7	
6.98999	8	3	7	
6.99182	9	3	7	
6.99281	10	3	7	
6.99585	10	3	8	
6.99995	8	3	8	
7.00675	8	3	9	
7.00799	8	3	7	
7.00899	8	4	7	
7.01098	8	4	8	
7.01757	8	4	9	
7.01898	8	4	7	
7.02523	8	5	7	
7.02524	8	5	8	
7.02597	8	5	6	
7.02622	8	6	6	
7.0308	8	6	7	
7.03232	8	4	7	
7.03682	8	4	8	
7.04062	8	4	6	
7.0426	8	5	6	
7.04292	8	5	7	
7.04497	8	5	8	
7.04864	9	5	8	
7.04978	10	5	8	
7.05246	11	5	8	
7.05317	11	5	9	
7.05825	11	6	9	
7.06019	9	6	9	
7.06218	9	6	10	
7.06395	7	6	10	
7.06546	7	6	8	
7.06589	7	6	9	
7.06788	7	6	7	
7.07067	7	7	7	
7.07131	7	8	7	
7.07302	7	6	7	
7.07609	7	6	8	
7.07715	7	6	6	
7.0773	7	7	6	
7.0801	7	8	6	
7.08083	7	9	6	
7.08414	8	9	6	
7.08416	8	9	4	
7.09112	8	10	4	
7.0928	9	10	4	
7.09366	9	8	4	
7.09397	9	8	5	
7.09803	10	8	5	
7.10117	10	6	5	
7.10344	11	6	5	
7.10429	11	6	3	
7.11088	9	6	3	
7.11089	9	6	4	
7.11161	9	4	4	
7.1123	9	5	4	
7.11679	10	5	4	
7.12395	10	6	4	
7.12673	11	6	4	
7.12706	9	6	4	
7.13272	9	6	5	
7.1379	9	7	5	
7.1385	9	7	6	
7.1417	9	7	4	
7.14238	9	7	5	
7.14402	9	8	5	
7.14714	9	9	5	
7.14769	7	9	5	
7.14959	7	7	5	
7.15382	8	7	5	
7.15673	8	7	6	
7.16197	8	8	6	
7.17162	8	6	6	
7.18518	8	7	6	
7.19079	6	7	6	
7.19144	6	8	6	
7.19144	6	9	6	
7.19216	6	10	6	
7.19356	6	8	6	
7.19641	6	9	6	
7.19721	6	9	4	
7.20099	7	9	4	
7.20331	7	10	4	
7.20548	7	10	5	
7.20772	7	10	3	
7.20946	8	10	3	
7.21183	8	8	3	
7.21199	9	8	3	
7.21536	9	6	3	
7.21571	10	6	3	
7.2187	11	6	3	
7.22147	9	6	3	
7.22217	9	6	4	
7.22583	10	6	4	
7.22905	10	7	4	
7.23201	8	7	4	
7.23307	8	8	4	
7.23331	8	8	5	
7.23425	8	9	5	
7.23669	9	9	5	
7.24284	9	9	6	
7.24284	9	10	6	
7.24456	9	11	6	
7.24523	9	12	6	
7.24598	7	12	6	
7.24778	7	12	4	
7.25465	8	12	4	
7.25601	6	12	4	
7.2564	6	10	4	
7.2565	6	11	4	
7.25723	6	12	4	
7.25761	6	10	4	
7.25851	6	8	4	
7.25981	6	8	5	
7.26126	6	9	5	
7.26137	7	9	5	
7.26441	7	10	5	
7.26631	7	11	5	
7.26737	5	11	5	
7.26952	5	9	5	
7.27041	5	10	5	
7.27071	5	8	5	
7.27903	5	9	5	
7.27904	3	9	5	
7.28278	3	9	6	
7.28318	3	10	6	
7.28651	3	10	7	
7.28998	3	8	7	
7.29218	3	9	7	
7.29272	3	7	7	
7.29282	3	7	8	
7.29894	3	7	9	
7.30253	3	7	7	
7.30287	3	8	7	
7.30499	3	9	7	
7.30718	3	10	7	
7.31127	3	10	8	
7.31745	3	11	8	
7.31911	4	11	8	
7.31947	4	12	8	
7.32118	4	10	8	
7.32395	4	11	8	
7.32496	4	9	8	
7.32988	4	10	8	
7.32998	5	10	8	
7.33133	5	11	8	
7.33373	5	9	8	
7.34071	5	9	6	
7.3417	5	10	6	
7.35466	5	10	7	
7.35482	6	10	7	
7.35553	6	8	7	
7.35741	6	8	8	
7.36081	4	8	8	
7.36089	4	8	9	
7.36196	4	8	7	
7.36413	4	9	7	
7.36866	4	10	7	
7.37305	5	10	7	
7.37375	5	11	7	
7.37389	6	11	7	
7.37631	6	11	5	
7.3777	4	11	5	
7.37862	4	11	3	
7.37909	4	11	4	
7.37921	4	11	5	
7.3801	4	11	6	
7.38057	4	12	6	
7.38253	4	12	7	
7.38679	4	12	5	
7.38743	5	12	5	
7.38927	6	12	5	
7.39009	6	10	5	
7.3905	7	10	5	
7.39157	7	11	5	
7.39211	7	11	6	
7.39378	7	9	6	
7.39797	7	9	7	
7.40562	7	7	7	
7.40858	5	7	7	
7.41067	5	7	8	
7.41311	6	7	8	
7.41392	6	7	9	
7.41503	6	7	10	
7.41716	4	7	10	
7.42441	4	7	11	
7.42609	4	7	9	
7.42658	4	7	10	
7.43024	4	5	10	
7.43358	4	3	10	
7.43622	2	3	10	
7.43823	2	4	10	
7.44375	3	4	10	
7.44507	4	4	10	
7.44577	5	4	10	
7.44654	5	5	10	
7.44726	5	5	8	
7.44978	6	5	8	
7.45115	6	6	8	
7.45245	6	6	6	
7.45605	6	6	7	
7.45682	6	7	6	
7.46242	6	7	7	
7.46505	6	8	7	
7.46724	6	8	5	
7.46967	4	8	5	
7.47297	4	9	5	
7.47721	5	9	5	
7.47935	5	10	5	
7.48005	6	10	5	
7.48034	6	8	5	
7.48334	6	9	5	
7.48439	6	10	5	
7.4848	7	10	5	
7.4909	7	10	6	
7.49161	7	11	6	
7.49261	7	9	6	
7.49458	7	9	4	
7.49555	8	9	4	
7.49796	8	7	4	
7.50031	9	7	4	
7.50056	10	7	4	
7.501	8	7	4	
7.50254	8	7	5	
7.50813	8	5	5	
7.50815	6	5	5	
7.50934	6	5	6	
7.51018	6	5	4	
7.51121	7	5	4	
7.51432	7	4	5	
7.51837	8	4	5	
7.53085	8	5	5	
7.53464	8	5	6	
7.54301	9	5	6	
7.5454	7	5	6	
7.54904	7	5	7	
7.54936	7	6	7	
7.54982	8	6	7	
7.55032	8	4	7	
7.55116	9	4	7	
7.55316	9	5	7	
7.55375	7	5	7	
7.556	5	5	7	
7.55653	5	6	7	
7.55843	5	6	5	
7.56638	6	6	5	
7.5669	7	6	5	
7.57	8	6	5	
7.57942	8	6	6	
7.58017	9	6	6	
7.58111	10	6	6	
7.5835	10	7	6	
7.58475	11	7	6	
7.58494	11	8	6	
7.586	11	9	6	
7.58661	9	9	6	
7.59011	9	7	6	
7.59049	9	5	6	
7.59247	9	5	4	
7.59254	9	6	4	
7.5932	9	4	4	
7.60057	9	4	2	
7.60339	7	4	2	
7.60599	7	4	3	
7.60599	7	4	4	
7.60809	7	4	5	
7.60843	7	4	6	
7.6116	7	4	7	
7.61282	7	4	8	
7.61439	8	4	8	
7.61822	9	4	8	
7.62472	9	5	8	
7.62654	10	5	8	
7.62884	10	5	6	
7.63413	11	5	6	
7.63687	9	5	6	
7.63826	9	6	6	
7.63882	9	7	6	
7.64237	9	5	6	
7.64261	9	6	6	
7.6447	7	6	6	
7.64582	7	7	6	
7.65209	7	7	7	
7.65473	7	8	7	
7.65491	7	8	5	
7.65577	7	9	5	
7.65844	7	10	5	
7.65986	8	10	5	
7.66066	8	10	6	
7.66085	9	10	6	
7.66154	10	10	6	
7.66457	11	10	6	
7.66461	11	11	6	
7.66577	11	12	6	
7.66751	11	12	7	
7.66765	11	12	8	
7.66767	11	13	8	
7.67064	12	13	8	
7.67097	12	11	8	
7.67417	12	12	8	
7.67439	13	12	8	
7.67446	14	12	8	
7.6775	14	13	8	
7.67854	15	13	8	
7.67865	15	14	8	
7.67906	16	14	8	
7.68218	14	14	8	
7.68261	14	14	9	
7.68316	14	14	10	
7.68675	14	15	10	
7.68846	14	13	10	
7.69317	12	13	10	
7.70143	12	11	10	
7.70274	12	9	10	
7.70584	12	9	8	
7.70587	12	9	9	
7.70778	13	9	9	
7.70955	13	9	7	
7.71146	13	10	7	
7.71188	13	11	7	
7.71257	13	11	8	
7.71385	13	11	9	
7.7148	13	11	10	
7.71654	13	11	8	
7.71702	13	11	9	
7.71762	13	12	9	
7.7179	13	12	10	
7.71947	13	10	10	
7.72195	13	10	11	
7.72343	11	10	11	
7.72407	11	11	11	
7.72499	11	9	11	
7.72565	12	9	11	
7.72718	12	7	11	
7.73078	12	7	12	
7.73124	12	7	13	
7.73143	10	7	13	
7.73398	10	5	13	
7.73419	10	5	14	
7.7343	10	5	15	
7.73461	10	5	13	
7.73779	10	5	11	
7.7391	8	5	11	
7.74075	8	5	9	
7.74114	9	5	9	
7.74313	9	5	7	
7.74507	9	6	7	
7.75049	10	6	7	
7.75102	8	6	7	
7.75589	8	7	7	
7.75982	8	7	8	
7.76279	8	5	8	
7.76777	8	6	8	
7.76854	8	6	9	
7.77031	8	6	10	
7.77622	9	6	10	
7.78231	9	7	10	
7.78278	10	7	10	
7.78556	11	7	10	
7.78707	11	7	11	
7.7878	9	7	11	
7.78957	10	7	11	
7.7896	10	7	9	
7.79199	8	7	9	
7.79933	8	5	9	
7.80485	8	5	10	
7.80565	8	3	10	
7.80665	8	3	11	
7.80889	8	3	12	
7.81422	8	4	12	
7.82253	8	4	10	
7.82344	8	4	8	
7.8309	8	4	9	
7.83332	8	4	10	
7.83505	9	4	10	
7.83525	10	4	10	
7.8354	10	4	8	
7.83594	11	4	8	
7.83782	11	4	9	
7.83964	11	5	9	
7.84203	9	5	9	
7.8446	9	5	10	
7.84678	7	5	10	
7.84748	7	3	10	
7.85324	8	3	10	
7.85332	8	3	8	
7.85351	6	3	8	
7.85757	6	3	6	
7.85778	4	3	6	
7.86419	5	3	6	
7.87066	5	4	6	
7.87076	6	4	6	
7.87334	6	5	6	
7.87533	4	5	6	
7.87907	4	5	7	
7.88454	4	6	7	
7.88464	5	6	7	
7.88762	5	7	7	
7.89025	5	7	5	
7.89056	5	8	5	
7.89343	5	9	5	
7.89489	5	7	5	
7.89494	5	5	5	
7.89608	5	5	6	
7.899	5	6	6	
7.89937	5	7	6	
7.9006	5	5	6	
7.90503	5	5	7	
7.90835	5	5	5	
7.90877	5	6	5	
7.91013	6	6	5	
7.9111	7	6	5	
7.91137	8	6	5	
7.91616	6	6	5	
7.91879	4	6	5	
7.9189	4	7	5	
7.92043	4	7	6	
7.92235	4	7	7	
7.92405	4	8	7	
7.92568	5	8	7	
7.9279	6	8	7	
7.92813	6	8	5	
7.92828	6	8	6	
7.92916	6	8	7	
7.93145	6	8	8	
7.93177	6	9	8	
7.94274	6	10	8	
7.94317	7	10	8	
7.94465	7	11	8	
7.94681	8	11	8	
7.94777	8	9	8	
7.95034	8	9	9	
7.95074	8	7	9	
7.95093	8	8	9	
7.95333	8	9	9	
7.95399	9	9	9	
7.95461	7	9	9	
7.96605	7	7	9	
7.9675	8	7	9	
7.97361	8	8	9	
7.9738	9	8	9	
7.97401	9	8	10	
7.97521	9	8	11	
7.97581	9	6	11	
7.97683	7	6	11	
7.97702	8	6	11	
7.97761	9	6	11	
7.97826	7	6	11	
7.97937	5	6	11	
7.98081	5	6	12	
7.98153	5	6	13	
7.98209	5	6	11	
7.98378	3	6	11	
7.98557	3	4	11	
7.98856	3	4	9	
7.99101	4	4	9	
7.99208	5	4	9	
7.99245	5	5	9	
7.99314	6	5	9	
7.99799	6	5	10	
7.99913	6	5	11	
8.00102	4	5	11	
8.00106	4	5	9	
8.00236	4	5	7	
8.00276	4	5	5	
8.0051	4	6	5	
8.00695	2	6	5	
8.00848	3	6	5	
8.0127	4	6	5	
8.0235	5	6	5	
8.0246	5	7	5	
8.02804	5	7	6	
8.02846	5	7	4	
8.03335	5	7	5	
8.0342	6	7	5	
8.03766	6	7	6	
8.03993	6	8	6	
8.04025	6	8	4	
8.05292	4	8	4	
8.05365	4	6	4	
8.05889	4	6	5	
8.06184	2	6	5	
8.07145	3	6	5	
8.0725	3	7	5	
8.07784	3	8	5	
8.09378	3	8	6	
8.095	3	8	7	
8.09554	3	6	7	
8.09928	3	6	5	
8.10025	3	6	6	
8.11484	3	6	7	
8.11534	3	6	8	
8.11801	3	7	8	
8.11848	3	7	9	
8.13329	4	7	9	
8.13463	5	7	9	
8.13638	6	7	9	
8.13852	7	7	9	
8.14364	7	7	7	
8.15167	5	7	7	
8.1521	6	7	7	
8.15622	6	7	8	
8.1575	7	7	8	
8.15868	7	8	8	
8.16391	7	9	8	
8.16411	8	9	8	
8.16493	8	9	9	
8.17043	8	9	10	
8.17254	8	9	11	
8.17476	8	8	12	
8.17526	8	8	13	
8.17661	8	6	13	
8.17778	9	6	13	
8.17959	7	6	13	
8.18046	8	6	13	
8.18183	8	6	11	
8.18451	8	6	12	
8.18943	8	6	10	
8.19053	8	6	11	
8.19213	6	6	11	
8.19245	6	6	12	
8.19376	6	4	12	
8.19494	6	4	10	
8.19593	6	4	11	
8.19633	6	4	12	
8.19779	7	4	12	
8.19818	7	4	10	
8.20394	7	5	10	
8.20626	8	5	10	
8.20658	8	5	8	
8.20789	8	5	6	
8.21374	8	6	6	
8.21422	8	6	7	
8.2188	8	6	8	
8.21999	8	6	6	
8.22753	8	7	6	
8.22883	8	8	6	
8.23307	8	8	7	
8.23332	8	8	5	
8.23359	8	9	5	
8.23544	8	10	5	
8.23635	9	10	5	
8.23883	9	10	6	
8.23921	10	10	6	
8.24105	10	11	6	
8.24117	11	11	6	
8.24533	11	11	7	
8.24549	11	12	7	
8.24844	9	12	7	
8.24976	9	10	7	
8.2506	9	10	8	
8.25131	9	11	8	
8.25143	10	11	8	
8.25248	8	11	8	
8.25934	8	12	8	
8.25971	8	12	9	
8.26005	8	12	10	
8.26033	9	12	10	
8.26112	9	13	10	
8.26174	9	11	10	
8.26251	9	9	10	
8.26655	9	8	11	
8.27044	8	8	12	
8.27068	8	8	13	
8.27154	7	8	14	
8.27201	7	8	12	
8.27283	7	9	12	
8.27381	7	9	13	
8.27391	8	9	13	
8.27402	8	9	14	
8.27498	8	9	12	
8.27576	8	10	12	
8.27666	7	10	13	
8.27721	8	10	13	
8.28115	8	11	13	
8.28194	8	9	13	
8.28345	8	9	11	
8.28413	8	10	11	
8.29058	9	10	11	
8.29291	9	11	11	
8.29645	9	11	9	
8.29927	10	11	9	
8.30044	10	11	10	
8.30404	11	11	10	
8.30608	11	11	11	
8.30726	11	11	12	
8.30809	11	12	12	
8.30812	11	12	13	
8.30915	9	12	13	
8.3146	10	12	13	
8.31974	10	12	11	
8.32175	10	13	11	
8.32329	10	11	11	
8.32493	10	12	11	
8.32494	10	13	11	
8.32543	8	13	11	
8.32787	9	13	11	
8.32877	9	13	9	
8.32961	9	13	10	
8.32974	9	13	11	
8.33039	10	13	11	
8.33056	10	13	12	
8.33131	8	13	12	
8.33136	8	13	10	
8.33383	6	13	10	
8.33512	6	11	10	
8.33521	6	9	10	
8.3391	6	9	11	
8.33913	6	9	12	
8.3394	6	9	13	
8.34058	7	9	13	
8.34191	7	10	13	
8.34466	7	11	13	
8.34523	8	11	13	
8.34603	8	11	11	
8.34784	8	11	9	
8.34801	8	12	9	
8.34983	8	12	10	
8.35057	8	12	11	
8.35295	9	12	11	
8.35376	9	12	12	
8.35487	9	10	12	
8.35517	9	10	10	
8.35803	9	10	8	
8.35844	9	8	8	
8.35904	9	8	9	
8.35979	9	8	7	
8.36088	9	9	7	
8.36158	7	9	7	
8.36399	7	10	7	
8.36467	7	8	7	
8.36561	8	8	7	
8.36606	8	6	7	
8.36699	6	6	7	
8.37319	6	7	7	
8.37785	6	7	8	
8.37929	6	8	8	
8.38913	7	8	8	
8.39367	7	8	6	
8.39379	7	9	6	
8.39414	7	7	6	
8.40073	7	8	6	
8.40643	8	8	6	
8.40709	9	8	6	
8.4073	9	6	6	
8.40844	9	6	7	
8.40931	10	6	7	
8.41045	8	6	7	
8.41148	8	6	8	
8.41594	8	6	9	
8.41664	8	6	7	
8.41799	9	6	7	
8.41994	9	4	7	
8.4217	10	4	7	
8.42222	10	5	7	
8.42438	10	5	8	
8.42527	10	5	9	
8.42727	10	5	10	
8.42769	8	5	10	
8.43582	8	6	10	
8.43751	8	6	11	
8.44049	8	6	12	
8.44124	8	6	10	
8.44324	9	6	10	
8.44681	9	6	11	
8.44792	9	6	12	
8.44807	9	7	12	
8.44836	9	8	12	
8.45176	9	8	10	
8.45221	9	8	11	
8.45442	7	8	11	
8.45447	7	8	12	
8.45719	7	8	10	
8.45778	7	8	11	
8.4594	5	8	11	
8.46548	5	9	11	
8.46699	5	9	12	
8.46892	5	10	12	
8.47045	6	10	12	
8.47088	6	11	12	
8.47156	4	11	12	
8.47395	5	11	12	
8.47515	5	11	13	
8.47533	3	11	13	
8.47897	3	12	13	
8.48045	3	10	13	
8.48133	3	10	14	
8.48185	3	10	12	
8.48597	3	10	10	
8.48662	3	10	11	
8.49201	4	10	11	
8.49211	2	10	11	
8.49304	3	10	11	
8.49374	3	10	12	
8.49715	4	10	12	
8.50305	4	11	12	
8.50317	4	12	12	
8.50897	4	10	12	
8.50934	4	11	12	
8.51451	4	12	12	
8.51691	4	12	10	
8.5194	4	10	10	
8.52275	4	10	11	
8.52617	4	11	10	
8.52703	4	12	10	
8.52846	5	12	10	
8.53138	5	13	10	
8.53142	6	13	10	
8.53319	6	11	10	
8.53573	6	12	10	
8.53822	6	12	11	
8.54018	6	10	11	
8.54123	7	10	11	
8.54144	7	10	9	
8.54428	8	10	9	
8.5462	8	10	10	
8.54677	8	10	11	
8.54811	8	10	12	
8.55393	8	8	12	
8.55515	8	9	12	
8.55828	9	9	12	
8.56078	7	9	12	
8.5623	7	7	12	
8.56428	7	7	10	
8.56796	5	7	10	
8.56882	5	7	11	
8.57164	5	7	9	
8.57207	6	7	9	
8.57647	6	8	9	
8.57732	6	9	9	
8.57869	6	9	7	
8.58141	7	9	7	
8.5822	7	9	8	
8.58319	7	10	8	
8.58463	7	11	8	
8.58532	8	11	8	
8.58568	8	12	8	
8.58677	9	12	8	
8.58698	9	10	8	
8.5877	9	10	6	
8.58774	10	10	6	
8.59053	10	10	7	
8.59063	10	10	5	
8.59131	10	11	5	
8.59408	10	12	5	
8.59597	11	12	5	
8.59692	11	13	5	
8.59978	9	13	5	
8.6016	7	13	5	
8.60262	7	14	5	
8.60389	7	14	6	
8.60483	7	15	6	
8.61102	7	13	6	
8.61158	7	13	7	
8.61373	8	13	7	
8.61462	9	13	7	
8.61493	10	13	7	
8.61511	10	14	7	
8.61575	10	14	8	
8.61803	10	15	8	
8.61901	10	13	8	
8.6201	10	14	8	
8.62147	10	14	9	
8.62159	10	14	10	
8.62634	8	14	10	
8.62725	8	14	8	
8.62794	8	14	6	
8.62858	8	15	6	
8.62917	8	13	6	
8.62999	6	13	6	
8.63013	6	14	6	
8.63257	7	14	6	
8.63482	8	14	6	
8.6386	8	12	6	
8.64091	8	10	6	
8.64456	8	8	6	
8.64834	9	8	6	
8.65149	7	8	6	
8.65305	7	9	6	
8.65326	7	10	6	
8.65466	7	8	6	
8.65782	5	8	6	
8.66369	5	9	6	
8.6718	3	9	6	
8.67501	3	7	6	
8.67647	3	7	7	
8.6783	4	7	7	
8.68133	4	7	5	
8.68395	5	7	5	
8.6844	5	7	3	
8.68893	3	7	3	
8.6896	3	7	4	
8.68992	3	5	4	
8.697	3	5	5	
8.69749	4	5	5	
8.70741	4	6	5	
8.71355	4	7	5	
8.71391	5	7	5	
8.71629	6	6	5	
8.71886	6	4	5	
8.72556	6	5	5	
8.73779	7	5	5	
8.73832	7	5	6	
8.7393	7	6	6	
8.74124	7	4	6	
8.7446	8	4	6	
8.74487	8	4	7	
8.74534	8	4	5	
8.74731	7	4	6	
8.74841	7	4	4	
8.75162	7	4	5	
8.75421	8	4	5	
8.75543	8	5	5	
8.75629	8	5	6	
8.7572	8	5	4	
8.75868	8	6	4	
8.75937	8	6	5	
8.75972	6	6	5	
8.7631	6	6	6	
8.76858	6	7	6	
8.77208	6	7	7	
8.77366	6	8	7	
8.77734	6	8	8	
8.77791	7	8	8	
8.77833	8	8	8	
8.77976	8	6	8	
8.78439	8	6	6	
8.78735	8	7	6	
8.78997	8	8	6	
8.79278	9	8	6	
8.79536	9	8	7	
8.79656	10	8	7	
8.7972	11	8	7	
8.79721	9	8	7	
8.79784	9	8	8	
8.79832	9	9	8	
8.80047	9	9	9	
8.80133	9	9	10	
8.80347	9	7	10	
8.80469	10	7	10	
8.80491	8	7	10	
8.8086	8	7	8	
8.80884	9	7	8	
8.80901	7	7	8	
8.80992	7	5	8	
8.81111	8	5	8	
8.81281	8	5	9	
8.81362	9	5	9	
8.81455	7	5	9	
8.81792	7	6	9	
8.82072	8	6	9	
8.82277	9	6	9	
8.82382	9	6	10	
8.82479	10	6	10	
8.82494	10	6	8	
8.82665	10	6	9	
8.82945	10	7	9	
8.8298	8	7	9	
8.83128	8	8	9	
8.83371	6	8	9	
8.83601	6	9	9	
8.83739	6	10	9	
8.83808	6	10	7	
8.83919	6	10	8	
8.83955	6	10	9	
8.84702	6	11	9	
8.85373	6	9	9	
8.85717	6	9	10	
8.85719	7	9	10	
8.85837	7	10	10	
8.85883	7	10	11	
8.86058	7	8	11	
8.86203	5	8	11	
8.86489	5	8	9	
8.86757	5	8	7	
8.86762	6	8	7	
8.86904	6	9	7	
8.87129	6	9	8	
8.88145	6	9	6	
8.88336	6	9	7	
8.88821	6	9	8	
8.89043	6	9	6	
8.89157	6	9	7	
8.8916	6	10	7	
8.89177	6	11	7	
8.89943	6	12	7	
8.9032	6	10	7	
8.90372	6	10	5	
8.90478	7	10	5	
8.90582	7	11	5	
8.90943	7	11	6	
8.90949	8	11	6	
8.9096	8	11	7	
8.90961	8	9	7	
8.9099	9	9	7	
8.91019	9	7	7	
8.91071	7	7	7	
8.91154	8	7	7	
8.91597	8	8	7	
8.92206	8	9	7	
8.92429	8	10	7	
8.92826	8	11	7	
8.92879	8	9	7	
8.93009	8	9	5	
8.93297	8	7	5	
8.9339	6	7	5	
8.93556	7	7	5	
8.93606	7	8	5	
8.93673	7	9	5	
8.93739	7	10	5	
8.94	7	11	5	
8.94619	7	9	5	
8.9471	7	7	5	
8.95651	7	8	5	
8.95974	7	9	5	
8.96353	7	10	5	
8.9643	7	11	5	
8.96577	7	12	5	
8.96602	7	13	5	
8.9712	8	13	5	
8.97259	8	14	5	
8.97341	6	14	5	
8.97647	6	14	6	
8.97757	6	14	7	
8.97834	6	12	7	
8.9798	6	10	7	
8.98027	6	8	7	
8.98127	7	8	7	
8.98689	7	7	8	
8.98737	5	7	8	
8.98772	5	7	6	
8.98896	5	7	7	
8.99091	6	7	7	
8.99278	7	7	7	
8.99588	8	7	7	
8.99846	8	7	8	
9.00299	6	7	8	
9.00399	6	7	6	
9.00554	6	7	7	
9.00854	6	7	8	
9.01381	6	8	8	
9.01555	6	9	8	
9.01956	6	9	9	
9.01968	6	9	7	
9.02158	6	10	6	
9.02815	6	10	7	
9.03075	6	11	7	
9.03122	6	11	8	
9.03194	6	9	8	
9.0339	6	10	8	
9.03472	7	10	8	
9.03868	7	10	9	
9.04056	7	8	9	
9.04062	7	8	10	
9.04158	8	8	10	
9.04181	8	6	10	
9.04327	6	6	10	
9.04365	6	7	10	
9.04462	6	7	11	
9.04702	6	8	11	
9.05144	6	8	12	
9.05274	6	6	12	
9.05295	6	6	13	
9.05641	7	6	13	
9.0619	8	6	13	
9.07004	8	6	14	
9.07154	8	4	14	
9.07192	8	4	12	
9.078	8	4	10	
9.08388	8	4	11	
9.08769	6	4	11	
9.09008	7	4	11	
9.09052	7	5	11	
9.09426	8	5	11	
9.09827	8	5	9	
9.09912	8	6	9	
9.10241	8	7	9	
9.10306	9	7	9	
9.10413	9	7	10	
9.10467	9	7	8	
9.10669	9	5	8	
9.11009	7	5	8	
9.11678	7	6	8	
9.11792	7	6	9	
9.11839	7	7	8	
9.1189	7	8	8	
9.12055	7	6	8	
9.12262	7	7	8	
9.12342	7	7	9	
9.12376	7	8	9	
9.12377	7	8	10	
9.124	5	8	10	
9.1244	5	8	8	
9.12583	5	9	8	
9.12827	6	9	8	
9.12928	7	9	8	
9.12946	7	9	9	
9.13083	7	10	9	
9.14452	7	10	10	
9.14487	7	10	11	
9.14512	7	10	9	
9.14668	5	10	9	
9.14748	3	10	9	
9.14882	3	8	9	
9.15017	3	8	7	
9.15119	1	8	7	
9.15165	1	9	7	
9.15547	1	7	7	
9.15767	1	7	8	
9.15859	2	7	8	
9.1614	2	8	8	
9.16367	2	6	8	
9.16814	2	7	8	
9.16821	2	7	6	
9.17584	2	7	7	
9.17883	3	6	7	
9.1799	3	7	7	
9.18237	3	7	5	
9.18473	3	8	5	
9.18657	3	8	6	
9.18776	4	8	6	
9.19018	4	8	4	
9.19111	4	9	4	
9.19487	4	9	5	
9.19856	4	9	3	
9.20505	4	10	3	
9.20681	4	8	3	
9.21095	5	8	3	
9.21203	5	8	4	
9.21874	5	9	4	
9.22012	6	9	4	
9.22036	4	9	4	
9.2258	5	9	4	
9.22593	6	9	4	
9.22894	6	9	5	
9.23167	6	10	5	
9.23206	6	10	6	
9.23396	6	10	7	
9.23506	6	8	7	
9.23985	6	6	7	
9.24265	6	6	8	
9.24464	6	7	8	
9.24768	4	7	8	
9.2481	4	5	8	
9.25072	5	5	8	
9.25363	5	5	9	
9.25377	6	5	9	
9.25406	6	5	7	
9.25778	4	5	7	
9.25814	4	3	7	
9.26143	4	3	8	
9.26223	4	3	9	
9.26281	5	3	9	
9.26431	5	3	7	
9.26903	5	4	7	
9.27599	6	4	7	
9.27716	7	4	7	
9.27882	5	4	7	
9.27993	3	4	7	
9.28035	4	4	7	
9.28539	2	4	7	
9.28592	2	4	5	
9.28993	2	4	6	
9.29194	3	4	6	
9.29281	4	4	6	
9.29464	5	4	6	
9.30766	3	4	6	
9.30778	3	4	4	
9.30832	3	4	5	
9.30912	4	4	5	
9.31068	4	4	6	
9.31105	4	5	6	
9.31654	5	5	6	
9.31667	6	5	6	
9.31883	6	3	6	
9.31979	6	4	6	
9.32095	6	4	7	
9.32132	6	4	8	
9.32151	4	4	8	
9.32204	4	4	6	
9.3225	4	4	7	
9.32319	5	4	7	
9.32542	6	4	6	
9.32582	6	4	7	
9.33012	6	5	7	
9.33772	6	6	7	
9.33964	6	6	8	
9.34015	7	6	8	
9.34433	7	6	9	
9.34794	7	6	7	
9.34858	8	6	7	
9.34881	8	6	8	
9.35108	9	6	8	
9.35374	9	6	9	
9.35608	7	6	9	
9.35715	8	6	9	
9.36268	9	6	9	
9.36471	7	6	9	
9.36477	8	6	9	
9.36543	6	6	9	
9.36789	6	6	10	
9.3722	4	6	10	
9.37337	4	6	11	
9.38752	5	6	11	
9.38881	5	6	12	
9.39008	5	6	13	
9.39063	6	6	13	
9.39122	6	6	11	
9.39662	7	6	11	
9.3984	7	6	9	
9.40108	8	6	9	
9.40271	9	6	9	
9.40289	10	6	9	
9.40667	8	6	9	
9.41583	8	6	10	
9.41701	8	7	10	
9.41948	8	8	10	
9.42228	8	8	8	
9.42541	9	8	8	
9.42578	9	8	9	
9.42814	7	8	9	
9.42822	7	6	9	
9.43003	8	6	9	
9.43383	8	6	10	
9.43522	9	6	10	
9.43524	9	7	10	
9.43531	10	7	10	
9.43858	10	8	10	
9.43951	10	6	10	
9.4481	10	6	8	
9.44949	11	6	8	
9.44998	12	6	8	
9.45813	10	6	8	
9.46033	11	6	8	
9.46061	9	6	8	
9.46092	9	6	9	
9.46231	10	6	9	
9.46334	10	7	9	
9.4648	10	5	9	
9.46502	10	5	10	
9.46528	10	5	11	
9.46787	10	5	9	
9.47289	10	5	10	
9.47409	8	5	10	
9.47562	8	5	8	
9.4782	8	3	8	
9.48056	8	4	7	
9.48318	8	4	8	
9.48324	8	4	9	
9.48484	8	5	9	
9.48846	9	5	9	
9.49301	9	5	10	
9.49552	10	5	10	
9.49772	11	5	10	
9.49808	9	5	10	
9.49892	9	5	11	
9.49964	9	5	9	
9.49999	9	5	7	
9.5034	9	5	8	
9.5074	9	6	8	
9.50774	9	6	6	
9.50948	9	6	7	
9.51129	9	7	7	
9.51175	10	7	7	
9.51479	8	7	7	
9.51562	8	7	8	
9.51765	9	7	8	
9.51779	10	7	8	
9.52083	10	8	8	
9.52393	10	8	9	
9.524	10	6	9	
9.52811	10	6	10	
9.53084	11	6	10	
9.53695	12	6	10	
9.54039	12	6	11	
9.54213	12	6	9	
9.54234	13	6	9	
9.54312	11	6	9	
9.54663	11	4	9	
9.55072	11	4	10	
9.55681	9	4	10	
9.56259	9	5	10	
9.56369	7	5	10	
9.56504	8	5	10	
9.56505	8	6	10	
9.57244	8	7	10	
9.57399	6	7	10	
9.57557	7	7	10	
9.57666	8	7	10	
9.58141	8	5	10	
9.58306	9	5	10	
9.58377	10	5	10	
9.58595	11	5	10	
9.58645	11	6	10	
9.58653	11	7	10	
9.60226	9	7	10	
9.60356	7	7	10	
9.60455	7	7	8	
9.60829	7	5	8	
9.61144	8	5	8	
9.61385	9	5	8	
9.6157	9	3	8	
9.61793	9	3	6	
9.6189	9	4	6	
9.6246	9	5	6	
9.62749	7	5	6	
9.62794	8	5	6	
9.62857	9	5	6	
9.63289	9	5	4	
9.63363	9	5	5	
9.63867	9	5	6	
9.63977	9	5	7	
9.64284	9	5	8	
9.64309	9	6	8	
9.64746	9	7	8	
9.6476	9	5	8	
9.64903	7	5	8	
9.65038	7	6	8	
9.65361	7	6	9	
9.65773	8	6	9	
9.65879	8	4	9	
9.66091	8	4	10	
9.66262	8	5	10	
9.6636	8	6	10	
9.66391	8	7	10	
9.66402	8	8	10	
9.66555	8	6	10	
9.66625	9	6	10	
9.66814	9	6	8	
9.6684	7	6	8	
9.6688	5	6	8	
9.6691	6	6	8	
9.67243	6	7	8	
9.6786	6	8	8	
9.6832	6	6	8	
9.68346	6	7	8	
9.68503	6	7	9	
9.68596	6	7	10	
9.686	6	7	11	
9.68627	6	8	11	
9.68801	6	6	11	
9.69068	6	6	9	
9.69368	7	6	9	
9.69538	8	6	9	
9.6968	8	6	7	
9.70158	8	6	5	
9.70517	9	6	5	
9.7053	10	6	5	
9.70592	10	4	5	
9.71171	11	4	5	
9.71298	9	4	5	
9.71562	7	4	5	
9.71679	7	4	6	
9.71715	8	4	6	
9.71845	8	5	6	
9.71978	6	5	6	
9.72273	7	5	6	
9.72774	8	5	6	
9.7303	6	5	6	
9.73167	6	5	7	
9.73239	6	6	7	
9.73355	6	7	7	
9.73429	6	7	8	
9.7362	7	7	8	
9.7367	7	8	8	
9.73967	7	6	8	
9.74081	7	6	6	
9.74279	7	6	7	
9.74511	7	7	7	
9.74804	7	7	8	
9.74811	8	7	8	
9.75057	8	7	9	
9.75179	8	5	9	
9.75377	9	5	9	
9.75377	9	5	10	
9.7563	10	5	10	
9.75699	11	5	10	
9.75719	9	5	10	
9.7599	7	5	10	
9.7634	8	5	10	
9.76446	8	5	11	
9.76512	9	5	11	
9.76553	7	5	11	
9.76637	7	5	12	
9.76747	7	5	10	
9.76833	8	4	10	
9.77023	9	4	10	
9.77047	9	5	10	
9.77057	9	3	10	
9.77205	10	3	10	
9.77376	11	3	10	
9.77386	11	4	10	
9.77411	12	4	9	
9.77545	12	5	9	
9.77872	12	5	10	
9.78111	10	5	10	
9.78406	11	5	10	
9.78443	11	5	11	
9.78639	9	5	11	
9.7933	9	5	9	
9.79407	9	6	9	
9.79483	9	7	9	
9.8022	7	7	9	
9.80226	7	7	10	
9.8026	8	7	10	
9.80445	8	7	8	
9.80682	8	5	8	
9.80809	8	5	6	
9.80879	8	6	6	
9.81094	9	6	6	
9.81224	9	6	7	
9.8191	7	6	7	
9.82303	7	6	8	
9.82499	8	6	8	
9.82759	8	6	6	
9.82965	8	6	7	
9.83001	8	6	5	
9.83123	8	6	3	
9.83251	8	6	4	
9.8334	8	6	5	
9.83562	8	6	6	
9.83688	8	6	4	
9.84611	8	6	5	
9.84618	9	6	5	
9.84729	9	7	5	
9.84818	7	7	5	
9.84859	7	7	3	
9.85016	8	7	3	
9.85165	8	5	3	
9.85176	9	5	3	
9.85669	9	5	4	
9.86467	9	5	5	
9.86603	9	5	3	
9.8683	9	5	4	
9.86852	7	5	4	
9.87	7	5	5	
9.87137	5	5	5	
9.88174	5	5	6	
9.88573	6	5	6	
9.88621	6	5	7	
9.89164	6	6	7	
9.89171	6	6	8	
9.89438	7	6	8	
9.89788	8	6	8	
9.89989	8	6	6	
9.90079	9	6	6	
9.90141	10	6	6	
9.90146	10	6	4	
9.90266	8	6	4	
9.90269	6	6	4	
9.90445	4	6	4	
9.90777	4	7	4	
9.90842	4	7	5	
9.91218	4	8	5	
9.91737	4	8	6	
9.91911	5	8	6	
9.92267	5	9	6	
9.92454	5	9	4	
9.92502	5	9	5	
9.93178	5	9	6	
9.93386	5	9	7	
9.93595	5	10	7	
9.93699	6	10	7	
9.93738	6	8	7	
9.94141	6	9	7	
9.94198	6	9	5	
9.94368	7	9	5	
9.94851	8	9	5	
9.94881	8	10	4	
9.9508	8	11	4	
9.95191	8	11	5	
9.95549	8	12	5	
9.95692	8	12	6	
9.95939	8	13	6	
9.96207	8	11	6	
9.96422	8	11	7	
9.96455	8	9	7	
9.96471	8	10	7	
9.96528	8	10	8	
9.97133	9	10	8	
9.97157	9	8	8	
9.97205	7	8	8	
9.97235	7	8	9	
9.97711	5	8	9	
9.97912	5	8	7	
9.97996	6	8	7	
9.98097	4	8	7	
9.98776	4	8	8	
9.98811	5	8	8	
9.98939	5	8	6	
9.9954	5	9	6	
9.99585	5	9	7	
9.9959	5	7	7	
9.99597	5	5	7	
9.99662	6	5	7	
9.99978	6	3	7	
